LAD24CD,LAD24NM,quarter_year,n_casualties,n_collisions,base_2019,casualty_index,collision_index
E08000032,Bradford,2015 Q1,388,287,207.75,139.1928251121076,138.1468110709988
E08000032,Bradford,2015 Q2,407,292,207.75,146.00896860986546,140.55354993983153
E08000032,Bradford,2015 Q3,442,302,207.75,158.56502242152467,145.367027677497
E08000032,Bradford,2015 Q4,450,355,207.75,161.43497757847533,170.87845968712395
E08000032,Bradford,2016 Q1,432,320,207.75,154.97757847533632,154.03128760529484
E08000032,Bradford,2016 Q2,338,248,207.75,121.25560538116592,119.37424789410349
E08000032,Bradford,2016 Q3,456,315,207.75,163.58744394618833,151.6245487364621
E08000032,Bradford,2016 Q4,382,266,207.75,137.0403587443946,128.03850782190133
E08000032,Bradford,2017 Q1,346,268,207.75,124.12556053811659,129.00120336943442
E08000032,Bradford,2017 Q2,325,233,207.75,116.59192825112108,112.15403128760529
E08000032,Bradford,2017 Q3,366,263,207.75,131.30044843049328,126.59446450060169
E08000032,Bradford,2017 Q4,327,249,207.75,117.30941704035874,119.85559566787003
E08000032,Bradford,2018 Q1,272,205,207.75,97.57847533632287,98.676293622142
E08000032,Bradford,2018 Q2,331,248,207.75,118.74439461883408,119.37424789410349
E08000032,Bradford,2018 Q3,331,256,207.75,118.74439461883408,123.22503008423585
E08000032,Bradford,2018 Q4,357,262,207.75,128.07174887892376,126.11311672683514
E08000032,Bradford,2019 Q1,251,198,207.75,90.04484304932735,95.30685920577618
E08000032,Bradford,2019 Q2,259,194,207.75,92.91479820627802,93.38146811070999
E08000032,Bradford,2019 Q3,283,202,207.75,101.52466367713005,97.23225030084235
E08000032,Bradford,2019 Q4,322,237,207.75,115.51569506726457,114.07942238267148
E08000032,Bradford,2020 Q1,297,215,207.75,106.54708520179372,103.48977135980746
E08000032,Bradford,2020 Q2,156,121,207.75,55.964125560538115,58.24308062575211
E08000032,Bradford,2020 Q3,238,188,207.75,85.38116591928251,90.49338146811071
E08000032,Bradford,2020 Q4,231,170,207.75,82.86995515695067,81.82912154031288
E08000032,Bradford,2021 Q1,205,160,207.75,73.54260089686099,77.01564380264742
E08000032,Bradford,2021 Q2,421,296,207.75,151.03139013452915,142.4789410348977
E08000032,Bradford,2021 Q3,408,300,207.75,146.3677130044843,144.4043321299639
E08000032,Bradford,2021 Q4,412,304,207.75,147.80269058295963,146.32972322503008
E08000032,Bradford,2022 Q1,304,242,207.75,109.05829596412556,116.48616125150421
E08000032,Bradford,2022 Q2,334,262,207.75,119.82062780269058,126.11311672683514
E08000032,Bradford,2022 Q3,354,258,207.75,126.99551569506727,124.18772563176896
E08000032,Bradford,2022 Q4,404,301,207.75,144.93273542600897,144.88567990373045
E08000032,Bradford,2023 Q1,319,245,207.75,114.43946188340807,117.93020457280385
E08000032,Bradford,2023 Q2,395,290,207.75,141.70403587443946,139.59085439229844
E08000032,Bradford,2023 Q3,327,247,207.75,117.30941704035874,118.89290012033695
E08000032,Bradford,2023 Q4,337,272,207.75,120.89686098654708,130.9265944645006
E08000032,Bradford,2024 Q1,338,267,207.75,121.25560538116592,128.51985559566788
E08000032,Bradford,2024 Q2,336,253,207.75,120.53811659192826,121.78098676293622
E08000032,Bradford,2024 Q3,312,245,207.75,111.92825112107623,117.93020457280385
E08000032,Bradford,2024 Q4,346,266,207.75,124.12556053811659,128.03850782190133
E08000034,Kirklees,2015 Q1,304,212,144,160.21080368906456,147.22222222222223
E08000034,Kirklees,2015 Q2,304,225,144,160.21080368906456,156.25
E08000034,Kirklees,2015 Q3,307,223,144,161.79183135704875,154.86111111111111
E08000034,Kirklees,2015 Q4,414,282,144,218.1818181818182,195.83333333333334
E08000034,Kirklees,2016 Q1,305,220,144,160.73781291172597,152.77777777777777
E08000034,Kirklees,2016 Q2,262,188,144,138.0764163372859,130.55555555555554
E08000034,Kirklees,2016 Q3,264,180,144,139.1304347826087,125
E08000034,Kirklees,2016 Q4,294,212,144,154.9407114624506,147.22222222222223
E08000034,Kirklees,2017 Q1,286,190,144,150.7246376811594,131.94444444444446
E08000034,Kirklees,2017 Q2,170,128,144,89.59156785243742,88.88888888888889
E08000034,Kirklees,2017 Q3,242,192,144,127.53623188405797,133.33333333333334
E08000034,Kirklees,2017 Q4,268,201,144,141.23847167325428,139.58333333333334
E08000034,Kirklees,2018 Q1,232,179,144,122.266139657444,124.30555555555556
E08000034,Kirklees,2018 Q2,225,160,144,118.57707509881423,111.11111111111111
E08000034,Kirklees,2018 Q3,215,159,144,113.30698287220027,110.41666666666667
E08000034,Kirklees,2018 Q4,234,180,144,123.3201581027668,125
E08000034,Kirklees,2019 Q1,206,154,144,108.56389986824769,106.94444444444444
E08000034,Kirklees,2019 Q2,196,141,144,103.29380764163373,97.91666666666667
E08000034,Kirklees,2019 Q3,183,146,144,96.44268774703558,101.38888888888889
E08000034,Kirklees,2019 Q4,174,135,144,91.699604743083,93.75
E08000034,Kirklees,2020 Q1,197,147,144,103.82081686429513,102.08333333333333
E08000034,Kirklees,2020 Q2,106,83,144,55.86297760210804,57.638888888888886
E08000034,Kirklees,2020 Q3,161,120,144,84.84848484848484,83.33333333333333
E08000034,Kirklees,2020 Q4,143,113,144,75.3623188405797,78.47222222222223
E08000034,Kirklees,2021 Q1,106,87,144,55.86297760210804,60.416666666666664
E08000034,Kirklees,2021 Q2,241,179,144,127.00922266139658,124.30555555555556
E08000034,Kirklees,2021 Q3,243,177,144,128.06324110671937,122.91666666666667
E08000034,Kirklees,2021 Q4,246,188,144,129.64426877470356,130.55555555555554
E08000034,Kirklees,2022 Q1,250,189,144,131.75230566534916,131.25
E08000034,Kirklees,2022 Q2,231,186,144,121.73913043478261,129.16666666666666
E08000034,Kirklees,2022 Q3,206,158,144,108.56389986824769,109.72222222222223
E08000034,Kirklees,2022 Q4,266,201,144,140.1844532279315,139.58333333333334
E08000034,Kirklees,2023 Q1,194,155,144,102.23978919631094,107.63888888888889
E08000034,Kirklees,2023 Q2,244,203,144,128.59025032938075,140.97222222222223
E08000034,Kirklees,2023 Q3,232,181,144,122.266139657444,125.69444444444444
E08000034,Kirklees,2023 Q4,227,183,144,119.63109354413702,127.08333333333333
E08000034,Kirklees,2024 Q1,194,164,144,102.23978919631094,113.88888888888889
E08000034,Kirklees,2024 Q2,215,150,144,113.30698287220027,104.16666666666667
E08000034,Kirklees,2024 Q3,160,128,144,84.32147562582345,88.88888888888889
E08000034,Kirklees,2024 Q4,215,165,144,113.30698287220027,114.58333333333333
E08000035,Leeds,2015 Q1,578,413,363.5,120.98377812663527,113.61760660247593
E08000035,Leeds,2015 Q2,663,499,363.5,138.77551020408163,137.2764786795048
E08000035,Leeds,2015 Q3,673,521,363.5,140.86865515436943,143.32874828060523
E08000035,Leeds,2015 Q4,748,545,363.5,156.567242281528,149.9312242090784
E08000035,Leeds,2016 Q1,619,477,363.5,129.56567242281528,131.2242090784044
E08000035,Leeds,2016 Q2,610,469,363.5,127.68184196755625,129.02338376891333
E08000035,Leeds,2016 Q3,646,492,363.5,135.21716378859236,135.35075653370015
E08000035,Leeds,2016 Q4,677,489,363.5,141.70591313448458,134.525447042641
E08000035,Leeds,2017 Q1,531,409,363.5,111.14599686028258,112.5171939477304
E08000035,Leeds,2017 Q2,502,396,363.5,105.07587650444793,108.94085281980743
E08000035,Leeds,2017 Q3,526,426,363.5,110.09942438513868,117.1939477303989
E08000035,Leeds,2017 Q4,652,484,363.5,136.47305075876505,133.14993122420907
E08000035,Leeds,2018 Q1,495,384,363.5,103.61067503924647,105.63961485557084
E08000035,Leeds,2018 Q2,564,430,363.5,118.05337519623234,118.29436038514443
E08000035,Leeds,2018 Q3,453,355,363.5,94.81946624803767,97.66162310866575
E08000035,Leeds,2018 Q4,482,380,363.5,100.88958660387232,104.53920220082532
E08000035,Leeds,2019 Q1,484,369,363.5,101.30821559392987,101.5130674002751
E08000035,Leeds,2019 Q2,420,320,363.5,87.91208791208791,88.03301237964237
E08000035,Leeds,2019 Q3,505,375,363.5,105.70381998953428,103.1636863823934
E08000035,Leeds,2019 Q4,502,390,363.5,105.07587650444793,107.29023383768913
E08000035,Leeds,2020 Q1,337,278,363.5,70.53898482469911,76.47867950481431
E08000035,Leeds,2020 Q2,222,177,363.5,46.46781789638933,48.693259972489685
E08000035,Leeds,2020 Q3,367,291,363.5,76.81841967556254,80.05502063273728
E08000035,Leeds,2020 Q4,338,265,363.5,70.74829931972789,72.90233837689134
E08000035,Leeds,2021 Q1,222,173,363.5,46.46781789638933,47.59284731774415
E08000035,Leeds,2021 Q2,451,361,363.5,94.40083725798011,99.31224209078404
E08000035,Leeds,2021 Q3,539,413,363.5,112.82051282051282,113.61760660247593
E08000035,Leeds,2021 Q4,566,443,363.5,118.4720041862899,121.8707015130674
E08000035,Leeds,2022 Q1,487,379,363.5,101.93615907901622,104.26409903713893
E08000035,Leeds,2022 Q2,494,380,363.5,103.40136054421768,104.53920220082532
E08000035,Leeds,2022 Q3,523,397,363.5,109.47148090005233,109.21595598349381
E08000035,Leeds,2022 Q4,539,427,363.5,112.82051282051282,117.46905089408529
E08000035,Leeds,2023 Q1,413,327,363.5,86.44688644688645,89.95873452544704
E08000035,Leeds,2023 Q2,535,400,363.5,111.98325484039769,110.04126547455296
E08000035,Leeds,2023 Q3,431,337,363.5,90.2145473574045,92.70976616231087
E08000035,Leeds,2023 Q4,510,401,363.5,106.75039246467819,110.31636863823934
E08000035,Leeds,2024 Q1,453,354,363.5,94.81946624803767,97.38651994497937
E08000035,Leeds,2024 Q2,476,369,363.5,99.633699633699635,101.5130674002751
E08000035,Leeds,2024 Q3,486,368,363.5,101.72684458398744,101.23796423658872
E08000035,Leeds,2024 Q4,481,370,363.5,100.68027210884354,101.78817056396149
