quarter_year,n_casualties,n_collisions,group,base_2019,casualty_index,group_type
2015 Q1,388,287,Bradford,278.75,139.1928251121076,Bradford
2015 Q2,407,292,Bradford,278.75,146.00896860986546,Bradford
2015 Q3,442,302,Bradford,278.75,158.56502242152467,Bradford
2015 Q4,450,355,Bradford,278.75,161.43497757847533,Bradford
2016 Q1,432,320,Bradford,278.75,154.97757847533632,Bradford
2016 Q2,338,248,Bradford,278.75,121.25560538116592,Bradford
2016 Q3,456,315,Bradford,278.75,163.58744394618833,Bradford
2016 Q4,382,266,Bradford,278.75,137.0403587443946,Bradford
2017 Q1,346,268,Bradford,278.75,124.12556053811659,Bradford
2017 Q2,325,233,Bradford,278.75,116.59192825112108,Bradford
2017 Q3,366,263,Bradford,278.75,131.30044843049328,Bradford
2017 Q4,327,249,Bradford,278.75,117.30941704035874,Bradford
2018 Q1,272,205,Bradford,278.75,97.57847533632287,Bradford
2018 Q2,331,248,Bradford,278.75,118.74439461883408,Bradford
2018 Q3,331,256,Bradford,278.75,118.74439461883408,Bradford
2018 Q4,357,262,Bradford,278.75,128.07174887892376,Bradford
2019 Q1,251,198,Bradford,278.75,90.04484304932735,Bradford
2019 Q2,259,194,Bradford,278.75,92.91479820627802,Bradford
2019 Q3,283,202,Bradford,278.75,101.52466367713005,Bradford
2019 Q4,322,237,Bradford,278.75,115.51569506726457,Bradford
2020 Q1,297,215,Bradford,278.75,106.54708520179372,Bradford
2020 Q2,156,121,Bradford,278.75,55.964125560538115,Bradford
2020 Q3,238,188,Bradford,278.75,85.38116591928251,Bradford
2020 Q4,231,170,Bradford,278.75,82.86995515695067,Bradford
2021 Q1,205,160,Bradford,278.75,73.54260089686099,Bradford
2021 Q2,421,296,Bradford,278.75,151.03139013452915,Bradford
2021 Q3,408,300,Bradford,278.75,146.3677130044843,Bradford
2021 Q4,412,304,Bradford,278.75,147.80269058295963,Bradford
2022 Q1,304,242,Bradford,278.75,109.05829596412556,Bradford
2022 Q2,334,262,Bradford,278.75,119.82062780269058,Bradford
2022 Q3,354,258,Bradford,278.75,126.99551569506727,Bradford
2022 Q4,404,301,Bradford,278.75,144.93273542600897,Bradford
2023 Q1,319,245,Bradford,278.75,114.43946188340807,Bradford
2023 Q2,395,290,Bradford,278.75,141.70403587443946,Bradford
2023 Q3,327,247,Bradford,278.75,117.30941704035874,Bradford
2023 Q4,337,272,Bradford,278.75,120.89686098654708,Bradford
2024 Q1,338,267,Bradford,278.75,121.25560538116592,Bradford
2024 Q2,336,253,Bradford,278.75,120.53811659192826,Bradford
2024 Q3,312,245,Bradford,278.75,111.92825112107623,Bradford
2024 Q4,346,266,Bradford,278.75,124.12556053811659,Bradford
2015 Q1,441,312.5,West Yorkshire excl. Bradford,333.75,132.13483146067415,West Yorkshire excluding Bradford
2015 Q2,483.5,362,West Yorkshire excl. Bradford,333.75,144.8689138576779,West Yorkshire excluding Bradford
2015 Q3,490,372,West Yorkshire excl. Bradford,333.75,146.81647940074907,West Yorkshire excluding Bradford
2015 Q4,581,413.5,West Yorkshire excl. Bradford,333.75,174.0823970037453,West Yorkshire excluding Bradford
2016 Q1,462,348.5,West Yorkshire excl. Bradford,333.75,138.42696629213484,West Yorkshire excluding Bradford
2016 Q2,436,328.5,West Yorkshire excl. Bradford,333.75,130.63670411985018,West Yorkshire excluding Bradford
2016 Q3,455,336,West Yorkshire excl. Bradford,333.75,136.32958801498128,West Yorkshire excluding Bradford
2016 Q4,485.5,350.5,West Yorkshire excl. Bradford,333.75,145.4681647940075,West Yorkshire excluding Bradford
2017 Q1,408.5,299.5,West Yorkshire excl. Bradford,333.75,122.39700374531836,West Yorkshire excluding Bradford
2017 Q2,336,262,West Yorkshire excl. Bradford,333.75,100.67415730337079,West Yorkshire excluding Bradford
2017 Q3,384,309,West Yorkshire excl. Bradford,333.75,115.0561797752809,West Yorkshire excluding Bradford
2017 Q4,460,342.5,West Yorkshire excl. Bradford,333.75,137.82771535580525,West Yorkshire excluding Bradford
2018 Q1,363.5,281.5,West Yorkshire excl. Bradford,333.75,108.91385767790263,West Yorkshire excluding Bradford
2018 Q2,394.5,295,West Yorkshire excl. Bradford,333.75,118.20224719101124,West Yorkshire excluding Bradford
2018 Q3,334,257,West Yorkshire excl. Bradford,333.75,100.0749063670412,West Yorkshire excluding Bradford
2018 Q4,358,280,West Yorkshire excl. Bradford,333.75,107.26591760299625,West Yorkshire excluding Bradford
2019 Q1,345,261.5,West Yorkshire excl. Bradford,333.75,103.37078651685393,West Yorkshire excluding Bradford
2019 Q2,308,230.5,West Yorkshire excl. Bradford,333.75,92.28464419475655,West Yorkshire excluding Bradford
2019 Q3,344,260.5,West Yorkshire excl. Bradford,333.75,103.07116104868913,West Yorkshire excluding Bradford
2019 Q4,338,262.5,West Yorkshire excl. Bradford,333.75,101.27340823970037,West Yorkshire excluding Bradford
2020 Q1,267,212.5,West Yorkshire excl. Bradford,333.75,80,West Yorkshire excluding Bradford
2020 Q2,164,130,West Yorkshire excl. Bradford,333.75,49.13857677902622,West Yorkshire excluding Bradford
2020 Q3,264,205.5,West Yorkshire excl. Bradford,333.75,79.10112359550561,West Yorkshire excluding Bradford
2020 Q4,240.5,189,West Yorkshire excl. Bradford,333.75,72.05992509363296,West Yorkshire excluding Bradford
2021 Q1,164,130,West Yorkshire excl. Bradford,333.75,49.13857677902622,West Yorkshire excluding Bradford
2021 Q2,346,270,West Yorkshire excl. Bradford,333.75,103.67041198501873,West Yorkshire excluding Bradford
2021 Q3,391,295,West Yorkshire excl. Bradford,333.75,117.15355805243446,West Yorkshire excluding Bradford
2021 Q4,406,315.5,West Yorkshire excl. Bradford,333.75,121.64794007490637,West Yorkshire excluding Bradford
2022 Q1,368.5,284,West Yorkshire excl. Bradford,333.75,110.4119850187266,West Yorkshire excluding Bradford
2022 Q2,362.5,283,West Yorkshire excl. Bradford,333.75,108.61423220973782,West Yorkshire excluding Bradford
2022 Q3,364.5,277.5,West Yorkshire excl. Bradford,333.75,109.21348314606742,West Yorkshire excluding Bradford
2022 Q4,402.5,314,West Yorkshire excl. Bradford,333.75,120.59925093632958,West Yorkshire excluding Bradford
2023 Q1,303.5,241,West Yorkshire excl. Bradford,333.75,90.93632958801498,West Yorkshire excluding Bradford
2023 Q2,389.5,301.5,West Yorkshire excl. Bradford,333.75,116.70411985018727,West Yorkshire excluding Bradford
2023 Q3,331.5,259,West Yorkshire excl. Bradford,333.75,99.32584269662921,West Yorkshire excluding Bradford
2023 Q4,368.5,292,West Yorkshire excl. Bradford,333.75,110.4119850187266,West Yorkshire excluding Bradford
2024 Q1,323.5,259,West Yorkshire excl. Bradford,333.75,96.92883895131087,West Yorkshire excluding Bradford
2024 Q2,345.5,259.5,West Yorkshire excl. Bradford,333.75,103.52059925093633,West Yorkshire excluding Bradford
2024 Q3,323,248,West Yorkshire excl. Bradford,333.75,96.77902621722846,West Yorkshire excluding Bradford
2024 Q4,348,267.5,West Yorkshire excl. Bradford,333.75,104.26966292134831,West Yorkshire excluding Bradford
2015 Q1,208.6,160.4,East Midlands,170.05,122.66980299911789,Other English regions
2015 Q1,112.1,89.2,East of England,99.225,112.97556059460823,Other English regions
2015 Q1,176,123.75,North East,121.8125,144.48435094920472,Other English regions
2015 Q1,150.25,110.33333333333333,North West,141.04166666666666,106.5288035450517,Other English regions
2015 Q1,128.69230769230768,103.84615384615384,South East,124.5,103.36731541550817,Other English regions
2015 Q1,142.875,116.25,South West,123.9375,115.27987897125567,Other English regions
2015 Q1,245.375,186.5,West Midlands,217.25,112.94591484464902,Other English regions
2015 Q1,181.6,134.8,Yorkshire and The Humber,196.5,92.41730279898219,Other English regions
2015 Q2,192.16666666666666,148.83333333333334,East Midlands,170.05,113.00597863373515,Other English regions
2015 Q2,111.6,87,East of England,99.225,112.47165532879819,Other English regions
2015 Q2,171.5,124.75,North East,121.8125,140.79014879425347,Other English regions
2015 Q2,152.58333333333334,109.58333333333333,North West,141.04166666666666,108.18316100443133,Other English regions
2015 Q2,151.25,119,South East,124.5,121.4859437751004,Other English regions
2015 Q2,149.375,117.625,South West,123.9375,120.52445789208271,Other English regions
2015 Q2,243.625,178.375,West Midlands,217.25,112.1403912543153,Other English regions
2015 Q2,239.75,178.25,Yorkshire and The Humber,196.5,122.01017811704834,Other English regions
2015 Q3,190,146.66666666666666,East Midlands,170.05,111.73184357541899,Other English regions
2015 Q3,133.4,102.3,East of England,99.225,134.4419249181154,Other English regions
2015 Q3,180.75,133.75,North East,121.8125,148.38378655720882,Other English regions
2015 Q3,155.83333333333334,112.66666666666667,North West,141.04166666666666,110.48744460856722,Other English regions
2015 Q3,156.3846153846154,116.3076923076923,South East,124.5,125.6101328390485,Other English regions
2015 Q3,154.125,118.875,South West,123.9375,124.357034795764,Other English regions
2015 Q3,268.375,189.75,West Midlands,217.25,123.53279631760644,Other English regions
2015 Q3,250.75,186,Yorkshire and The Humber,196.5,127.60814249363868,Other English regions
2015 Q4,235.8,185.8,East Midlands,170.05,138.66509850044105,Other English regions
2015 Q4,119.4,93.5,East of England,99.225,120.33257747543462,Other English regions
2015 Q4,197,142.5,North East,121.8125,161.72396100564393,Other English regions
2015 Q4,161.41666666666666,115,North West,141.04166666666666,114.44608567208272,Other English regions
2015 Q4,157.58333333333334,127.16666666666667,South East,124.5,126.57295850066934,Other English regions
2015 Q4,149.625,119.625,South West,123.9375,120.72617246596067,Other English regions
2015 Q4,284.625,206.25,West Midlands,217.25,131.0126582278481,Other English regions
2015 Q4,271.75,194.25,Yorkshire and The Humber,196.5,138.29516539440203,Other English regions
2016 Q1,218.6,171.6,East Midlands,170.05,128.5504263451926,Other English regions
2016 Q1,105.7,84.8,East of England,99.225,106.52557319223986,Other English regions
2016 Q1,155.25,119.75,North East,121.8125,127.44997434581836,Other English regions
2016 Q1,147.75,106.58333333333333,North West,141.04166666666666,104.7562776957164,Other English regions
2016 Q1,144.41666666666666,115.75,South East,124.5,115.99732262382864,Other English regions
2016 Q1,148.875,120,South West,123.9375,120.12102874432678,Other English regions
2016 Q1,250.375,186.875,West Midlands,217.25,115.24741081703107,Other English regions
2016 Q1,238.5,182.5,Yorkshire and The Humber,196.5,121.37404580152672,Other English regions
2016 Q2,207.4,160.6,East Midlands,170.05,121.96412819758893,Other English regions
2016 Q2,122.3,93.7,East of England,99.225,123.25522801713278,Other English regions
2016 Q2,144.75,109,North East,121.8125,118.83016931759877,Other English regions
2016 Q2,145.08333333333334,103.33333333333333,North West,141.04166666666666,102.86558345642541,Other English regions
2016 Q2,143.41666666666666,110.5,South East,124.5,115.19410977242302,Other English regions
2016 Q2,135.25,106,South West,123.9375,109.12758446797781,Other English regions
2016 Q2,222.88888888888889,166.55555555555554,West Midlands,217.25,102.59557601329752,Other English regions
2016 Q2,232.5,172.25,Yorkshire and The Humber,196.5,118.3206106870229,Other English regions
2016 Q3,203.2,161.2,East Midlands,170.05,119.49426639223756,Other English regions
2016 Q3,127.2,101.7,East of England,99.225,128.19349962207104,Other English regions
2016 Q3,134,100,North East,121.8125,110.00513083632632,Other English regions
2016 Q3,138.25,102.25,North West,141.04166666666666,98.02067946824225,Other English regions
2016 Q3,146.25,113.33333333333333,South East,124.5,117.46987951807229,Other English regions
2016 Q3,138.375,109.25,South West,123.9375,111.64901664145235,Other English regions
2016 Q3,261.5,190.625,West Midlands,217.25,120.36823935558112,Other English regions
2016 Q3,245.75,188.5,Yorkshire and The Humber,196.5,125.06361323155217,Other English regions
2016 Q4,204.8,165,East Midlands,170.05,120.43516612760952,Other English regions
2016 Q4,131.6,103.9,East of England,99.225,132.6278659611993,Other English regions
2016 Q4,161.75,117.5,North East,121.8125,132.7860441251924,Other English regions
2016 Q4,156.08333333333334,119.16666666666667,North West,141.04166666666666,110.66469719350076,Other English regions
2016 Q4,155.5,122.33333333333333,South East,124.5,124.8995983935743,Other English regions
2016 Q4,146.5,116.625,South West,123.9375,118.20474029248614,Other English regions
2016 Q4,233.625,177,West Midlands,217.25,107.5373993095512,Other English regions
2016 Q4,270,207.75,Yorkshire and The Humber,196.5,137.40458015267177,Other English regions
2017 Q1,181.6,147.2,East Midlands,170.05,106.79211996471625,Other English regions
2017 Q1,106.7,83.4,East of England,99.225,107.53338372385993,Other English regions
2017 Q1,126.25,95.5,North East,121.8125,103.64289379168804,Other English regions
2017 Q1,146.66666666666666,109.75,North West,141.04166666666666,103.98818316100443,Other English regions
2017 Q1,136.83333333333334,108.66666666666667,South East,124.5,109.90629183400269,Other English regions
2017 Q1,135.125,108.875,South West,123.9375,109.02672718103884,Other English regions
2017 Q1,219.625,171.25,West Midlands,217.25,101.09321058688147,Other English regions
2017 Q1,221,173.25,Yorkshire and The Humber,196.5,112.46819338422392,Other English regions
2017 Q2,172.6,140,East Midlands,170.05,101.49955895324904,Other English regions
2017 Q2,107.9,84.1,East of England,99.225,108.74275636180398,Other English regions
2017 Q2,112.5,85.75,North East,121.8125,92.35505387378143,Other English regions
2017 Q2,140.66666666666666,104.33333333333333,North West,141.04166666666666,99.7341211225997,Other English regions
2017 Q2,132.75,103.33333333333333,South East,124.5,106.62650602409639,Other English regions
2017 Q2,125.875,99.625,South West,123.9375,101.56328794755422,Other English regions
2017 Q2,230.375,168.875,West Midlands,217.25,106.04142692750288,Other English regions
2017 Q2,222,171,Yorkshire and The Humber,196.5,112.97709923664122,Other English regions
2017 Q3,186.8,144.6,East Midlands,170.05,109.85004410467509,Other English regions
2017 Q3,113.8,85.3,East of England,99.225,114.68883849836232,Other English regions
2017 Q3,112.75,89.75,North East,121.8125,92.56028732683427,Other English regions
2017 Q3,168.16666666666666,122.91666666666667,North West,141.04166666666666,119.23190546528802,Other English regions
2017 Q3,135.83333333333334,103.25,South East,124.5,109.10307898259705,Other English regions
2017 Q3,132.75,103.5,South West,123.9375,107.11043872919818,Other English regions
2017 Q3,223,163.11111111111111,West Midlands,217.25,102.64672036823936,Other English regions
2017 Q3,219,168.5,Yorkshire and The Humber,196.5,111.45038167938931,Other English regions
2017 Q4,194,148,East Midlands,170.05,114.08409291384886,Other English regions
2017 Q4,112.5,89.6,East of England,99.225,113.37868480725625,Other English regions
2017 Q4,135.75,105.5,North East,121.8125,111.44176500769626,Other English regions
2017 Q4,178.41666666666666,133.83333333333334,North West,141.04166666666666,126.49926144756277,Other English regions
2017 Q4,142.75,112.16666666666667,South East,124.5,114.65863453815261,Other English regions
2017 Q4,137.875,111.875,South West,123.9375,111.24558749369642,Other English regions
2017 Q4,234.875,175.375,West Midlands,217.25,108.11277330264672,Other English regions
2017 Q4,236,189.5,Yorkshire and The Humber,196.5,120.10178117048346,Other English regions
2018 Q1,138.16666666666666,107.16666666666667,East Midlands,170.05,81.25061256493187,Other English regions
2018 Q1,103,79.6,East of England,99.225,103.80448475686572,Other English regions
2018 Q1,130,95.75,North East,121.8125,106.72139558748076,Other English regions
2018 Q1,143.25,106.58333333333333,North West,141.04166666666666,101.56573116691285,Other English regions
2018 Q1,121.5,96.16666666666667,South East,124.5,97.59036144578313,Other English regions
2018 Q1,119.375,96.75,South West,123.9375,96.31870902672718,Other English regions
2018 Q1,200.375,151,West Midlands,217.25,92.23245109321059,Other English regions
2018 Q1,208,160.5,Yorkshire and The Humber,196.5,105.85241730279898,Other English regions
2018 Q2,169.6,135.2,East Midlands,170.05,99.73537194942664,Other English regions
2018 Q2,100,76.5,East of England,99.225,100.78105316200555,Other English regions
2018 Q2,140,99.75,North East,121.8125,114.93073370959466,Other English regions
2018 Q2,153.66666666666666,117.33333333333333,North West,141.04166666666666,108.95125553914328,Other English regions
2018 Q2,131.5,102.91666666666667,South East,124.5,105.62248995983936,Other English regions
2018 Q2,122.375,100.5,South West,123.9375,98.73928391326274,Other English regions
2018 Q2,220,166.25,West Midlands,217.25,101.26582278481013,Other English regions
2018 Q2,211,164,Yorkshire and The Humber,196.5,107.3791348600509,Other English regions
2018 Q3,190.2,149.6,East Midlands,170.05,111.84945604234048,Other English regions
2018 Q3,111,85.6,East of England,99.225,111.86696900982616,Other English regions
2018 Q3,116.75,87,North East,121.8125,95.84402257567983,Other English regions
2018 Q3,155.75,116.58333333333333,North West,141.04166666666666,110.42836041358937,Other English regions
2018 Q3,129.33333333333334,102.91666666666667,South East,124.5,103.88219544846051,Other English regions
2018 Q3,117.625,96.375,South West,123.9375,94.90670700958144,Other English regions
2018 Q3,221.375,162,West Midlands,217.25,101.89873417721519,Other English regions
2018 Q3,201,156,Yorkshire and The Humber,196.5,102.29007633587786,Other English regions
2018 Q4,197.4,158.8,East Midlands,170.05,116.08350485151425,Other English regions
2018 Q4,115,91.1,East of England,99.225,115.89821113630639,Other English regions
2018 Q4,131,102.25,North East,121.8125,107.54232939969215,Other English regions
2018 Q4,147.5,112.91666666666667,North West,141.04166666666666,104.57902511078288,Other English regions
2018 Q4,140.08333333333334,112.5,South East,124.5,112.51673360107095,Other English regions
2018 Q4,137.625,113.875,South West,123.9375,111.04387291981845,Other English regions
2018 Q4,238.5,178,West Midlands,217.25,109.78135788262371,Other English regions
2018 Q4,224.25,180,Yorkshire and The Humber,196.5,114.12213740458016,Other English regions
2019 Q1,138,108.16666666666667,East Midlands,170.05,81.15260217583064,Other English regions
2019 Q1,93.1,74.4,East of England,99.225,93.82716049382717,Other English regions
2019 Q1,117.25,89,North East,121.8125,96.25448948178553,Other English regions
2019 Q1,127.91666666666667,96.5,North West,141.04166666666666,90.69423929098967,Other English regions
2019 Q1,119.83333333333333,96.33333333333333,South East,124.5,96.25167336010709,Other English regions
2019 Q1,115.875,98,South West,123.9375,93.4947049924357,Other English regions
2019 Q1,210.375,157.5,West Midlands,217.25,96.83544303797468,Other English regions
2019 Q1,190.75,151.75,Yorkshire and The Humber,196.5,97.07379134860051,Other English regions
2019 Q2,171.8,130.4,East Midlands,170.05,101.02910908556306,Other English regions
2019 Q2,93.9,69.8,East of England,99.225,94.63340891912321,Other English regions
2019 Q2,111.5,88.25,North East,121.8125,91.53412006157004,Other English regions
2019 Q2,139.66666666666666,104.58333333333333,North West,141.04166666666666,99.02511078286558,Other English regions
2019 Q2,113.66666666666667,90.08333333333333,South East,124.5,91.29852744310577,Other English regions
2019 Q2,125.875,98.75,South West,123.9375,101.56328794755422,Other English regions
2019 Q2,205.5,152.75,West Midlands,217.25,94.59148446490218,Other English regions
2019 Q2,198.5,153,Yorkshire and The Humber,196.5,101.0178117048346,Other English regions
2019 Q3,170.2,135.8,East Midlands,170.05,100.08820935019111,Other English regions
2019 Q3,98.4,77.3,East of England,99.225,99.16855631141345,Other English regions
2019 Q3,109.75,83.75,North East,121.8125,90.0974858902001,Other English regions
2019 Q3,141.41666666666666,103.75,North West,141.04166666666666,100.2658788774003,Other English regions
2019 Q3,131.58333333333334,105.08333333333333,South East,124.5,105.68942436412317,Other English regions
2019 Q3,126.875,102.5,South West,123.9375,102.37014624306606,Other English regions
2019 Q3,205.25,151.375,West Midlands,217.25,94.47640966628309,Other English regions
2019 Q3,182.75,145.5,Yorkshire and The Humber,196.5,93.00254452926208,Other English regions
2019 Q4,200.2,155.8,East Midlands,170.05,117.73007938841516,Other English regions
2019 Q4,111.5,85.2,East of England,99.225,112.37087427563618,Other English regions
2019 Q4,148.75,118,North East,121.8125,122.11390456644433,Other English regions
2019 Q4,155.16666666666666,119.58333333333333,North West,141.04166666666666,110.01477104874446,Other English regions
2019 Q4,132.91666666666666,107.41666666666667,South East,124.5,106.76037483266398,Other English regions
2019 Q4,127.125,104.375,South West,123.9375,102.57186081694402,Other English regions
2019 Q4,247.875,186.25,West Midlands,217.25,114.09666283084005,Other English regions
2019 Q4,214,170.25,Yorkshire and The Humber,196.5,108.9058524173028,Other English regions
2020 Q1,116.83333333333333,93.33333333333333,East Midlands,170.05,68.70528275997255,Other English regions
2020 Q1,89.8,70.1,East of England,99.225,90.50138573948098,Other English regions
2020 Q1,102,80.5,North East,121.8125,83.73524884556183,Other English regions
2020 Q1,124.5,93.58333333333333,North West,141.04166666666666,88.27178729689808,Other English regions
2020 Q1,105.33333333333333,85.16666666666667,South East,124.5,84.60508701472556,Other English regions
2020 Q1,109.125,89.75,South West,123.9375,88.04841149773071,Other English regions
2020 Q1,179.125,138.625,West Midlands,217.25,82.45109321058688,Other English regions
2020 Q1,179.75,144,Yorkshire and The Humber,196.5,91.47582697201018,Other English regions
2020 Q2,85.8,69.6,East Midlands,170.05,50.45574830932078,Other English regions
2020 Q2,50.7,39.4,East of England,99.225,51.09599395313681,Other English regions
2020 Q2,45.5,37.75,North East,121.8125,37.352488455618264,Other English regions
2020 Q2,67.75,53.083333333333336,North West,141.04166666666666,48.03545051698671,Other English regions
2020 Q2,60.666666666666664,50.25,South East,124.5,48.72824631860776,Other English regions
2020 Q2,60.5,49.125,South West,123.9375,48.81492687846697,Other English regions
2020 Q2,85.25,62.75,West Midlands,217.25,39.24050632911393,Other English regions
2020 Q2,95.5,80.75,Yorkshire and The Humber,196.5,48.600508905852415,Other English regions
2020 Q3,140.6,110.6,East Midlands,170.05,82.68156424581005,Other English regions
2020 Q3,71.9090909090909,56,East of England,99.225,72.47073913740581,Other English regions
2020 Q3,95.25,75.5,North East,121.8125,78.19394561313494,Other English regions
2020 Q3,108.25,80.5,North West,141.04166666666666,76.75036927621862,Other English regions
2020 Q3,103.41666666666667,84.41666666666667,South East,124.5,83.06559571619813,Other English regions
2020 Q3,102,83.5,South West,123.9375,82.29954614220877,Other English regions
2020 Q3,166.125,124.625,West Midlands,217.25,76.46720368239356,Other English regions
2020 Q3,167.5,134,Yorkshire and The Humber,196.5,85.24173027989822,Other English regions
2020 Q4,154.8,123.8,East Midlands,170.05,91.03204939723611,Other English regions
2020 Q4,83.9,66,East of England,99.225,84.55530360292265,Other English regions
2020 Q4,93,75.5,North East,121.8125,76.34684453565932,Other English regions
2020 Q4,105.91666666666667,83.16666666666667,North West,141.04166666666666,75.09601181683901,Other English regions
2020 Q4,99.33333333333333,82.33333333333333,South East,124.5,79.78580990629183,Other English regions
2020 Q4,100.5,84.625,South West,123.9375,81.089258698941,Other English regions
2020 Q4,185.75,142.375,West Midlands,217.25,85.5005753739931,Other English regions
2020 Q4,176.25,143.25,Yorkshire and The Humber,196.5,89.69465648854961,Other English regions
2021 Q1,100.6,81,East Midlands,170.05,59.15907086151132,Other English regions
2021 Q1,50.2,40.9,East of England,99.225,50.592088687326786,Other English regions
2021 Q1,71.75,57.25,North East,121.8125,58.90200102616726,Other English regions
2021 Q1,90.08333333333333,69.83333333333333,North West,141.04166666666666,63.87001477104874,Other English regions
2021 Q1,64.75,54.5,South East,124.5,52.00803212851405,Other English regions
2021 Q1,71.75,62.875,South West,123.9375,57.89208270297529,Other English regions
2021 Q1,141.875,108.5,West Midlands,217.25,65.30494821634062,Other English regions
2021 Q1,119,98.5,Yorkshire and The Humber,196.5,60.55979643765903,Other English regions
2021 Q2,152,120.8,East Midlands,170.05,89.3854748603352,Other English regions
2021 Q2,83.8,64.8,East of England,99.225,84.45452254976065,Other English regions
2021 Q2,110.25,89.75,North East,121.8125,90.5079527963058,Other English regions
2021 Q2,125.41666666666667,98.41666666666667,North West,141.04166666666666,88.92171344165438,Other English regions
2021 Q2,111.33333333333333,92.33333333333333,South East,124.5,89.4243641231593,Other English regions
2021 Q2,114.625,95.5,South West,123.9375,92.48613212304589,Other English regions
2021 Q2,184.5,142.125,West Midlands,217.25,84.92520138089759,Other English regions
2021 Q2,166,135.25,Yorkshire and The Humber,196.5,84.47837150127226,Other English regions
2021 Q3,134,106.33333333333333,East Midlands,170.05,78.80035283740077,Other English regions
2021 Q3,88.9,69.9,East of England,99.225,89.59435626102294,Other English regions
2021 Q3,92.5,76.25,North East,121.8125,75.93637762955362,Other English regions
2021 Q3,131.5,104.41666666666667,North West,141.04166666666666,93.23485967503693,Other English regions
2021 Q3,108.08333333333333,88.16666666666667,South East,124.5,86.81392235609103,Other English regions
2021 Q3,115.625,99.375,South West,123.9375,93.29299041855774,Other English regions
2021 Q3,184.5,138.375,West Midlands,217.25,84.92520138089759,Other English regions
2021 Q3,160.75,132,Yorkshire and The Humber,196.5,81.80661577608143,Other English regions
2021 Q4,175.2,141,East Midlands,170.05,103.02852102322845,Other English regions
2021 Q4,94.5,72.6,East of England,99.225,95.23809523809524,Other English regions
2021 Q4,100.75,78.75,North East,121.8125,82.70908158029759,Other English regions
2021 Q4,134.41666666666666,108.41666666666667,North West,141.04166666666666,95.30280649926145,Other English regions
2021 Q4,117.83333333333333,96.91666666666667,South East,124.5,94.64524765729584,Other English regions
2021 Q4,119.375,101.875,South West,123.9375,96.31870902672718,Other English regions
2021 Q4,199.5,150.625,West Midlands,217.25,91.82968929804373,Other English regions
2021 Q4,175.75,139,Yorkshire and The Humber,196.5,89.44020356234097,Other English regions
2022 Q1,145.2,121.2,East Midlands,170.05,85.3866509850044,Other English regions
2022 Q1,91.1,72.1,East of England,99.225,91.81153943058706,Other English regions
2022 Q1,112.25,90,North East,121.8125,92.14982042072857,Other English regions
2022 Q1,122.58333333333333,95.33333333333333,North West,141.04166666666666,86.91285081240768,Other English regions
2022 Q1,102.33333333333333,83.75,South East,124.5,82.19544846050869,Other English regions
2022 Q1,109.75,94,South West,123.9375,88.55269793242562,Other English regions
2022 Q1,186.5,136.375,West Midlands,217.25,85.8457997698504,Other English regions
2022 Q1,171.25,135.5,Yorkshire and The Humber,196.5,87.1501272264631,Other English regions
2022 Q2,141.8,114.6,East Midlands,170.05,83.38723904733902,Other English regions
2022 Q2,88,69,East of England,99.225,88.68732678256488,Other English regions
2022 Q2,90.5,69.5,North East,121.8125,74.29451000513083,Other English regions
2022 Q2,117.91666666666667,93.33333333333333,North West,141.04166666666666,83.60413589364846,Other English regions
2022 Q2,113.25,94.16666666666667,South East,124.5,90.96385542168674,Other English regions
2022 Q2,115.25,95.875,South West,123.9375,92.9904185577408,Other English regions
2022 Q2,178.375,135.875,West Midlands,217.25,82.10586881472958,Other English regions
2022 Q2,157.5,123.75,Yorkshire and The Humber,196.5,80.1526717557252,Other English regions
2022 Q3,151,123.8,East Midlands,170.05,88.79741252572772,Other English regions
2022 Q3,92,70.6,East of England,99.225,92.7185689090451,Other English regions
2022 Q3,88.5,69,North East,121.8125,72.65264238070806,Other English regions
2022 Q3,121.5,94.16666666666667,North West,141.04166666666666,86.14475627769572,Other English regions
2022 Q3,114,92.58333333333333,South East,124.5,91.56626506024097,Other English regions
2022 Q3,120.5,96.75,South West,123.9375,97.22642460917801,Other English regions
2022 Q3,176.88888888888889,130.22222222222223,West Midlands,217.25,81.42181306738267,Other English regions
2022 Q3,153,123.25,Yorkshire and The Humber,196.5,77.86259541984732,Other English regions
2022 Q4,182,148.2,East Midlands,170.05,107.02734489855924,Other English regions
2022 Q4,88.2,69.7,East of England,99.225,88.8888888888889,Other English regions
2022 Q4,105.75,86.5,North East,121.8125,86.81375064135455,Other English regions
2022 Q4,115,94.16666666666667,North West,141.04166666666666,81.53618906942394,Other English regions
2022 Q4,114.58333333333333,92.83333333333333,South East,124.5,92.03480589022757,Other English regions
2022 Q4,108.125,94.25,South West,123.9375,87.24155320221887,Other English regions
2022 Q4,187.375,144,West Midlands,217.25,86.24856156501725,Other English regions
2022 Q4,180,147,Yorkshire and The Humber,196.5,91.6030534351145,Other English regions
2023 Q1,152.4,127.8,East Midlands,170.05,89.62069979417818,Other English regions
2023 Q1,78.3,62.6,East of England,99.225,78.91156462585035,Other English regions
2023 Q1,90.5,73.75,North East,121.8125,74.29451000513083,Other English regions
2023 Q1,104.08333333333333,82.91666666666667,North West,141.04166666666666,73.79615952732644,Other English regions
2023 Q1,100.66666666666667,83.58333333333333,South East,124.5,80.85676037483267,Other English regions
2023 Q1,111.5,92.125,South West,123.9375,89.96469994957135,Other English regions
2023 Q1,183.375,133.625,West Midlands,217.25,84.40736478711162,Other English regions
2023 Q1,177.75,144.25,Yorkshire and The Humber,196.5,90.45801526717557,Other English regions
2023 Q2,159.6,133.4,East Midlands,170.05,93.85474860335195,Other English regions
2023 Q2,82.1,64.8,East of England,99.225,82.74124464600655,Other English regions
2023 Q2,95.5,76.75,North East,121.8125,78.39917906618778,Other English regions
2023 Q2,116.66666666666667,89.5,North West,141.04166666666666,82.71787296898081,Other English regions
2023 Q2,102.83333333333333,84.5,South East,124.5,82.59705488621151,Other English regions
2023 Q2,107,89.375,South West,123.9375,86.33383761976803,Other English regions
2023 Q2,187.375,131.5,West Midlands,217.25,86.24856156501725,Other English regions
2023 Q2,161.75,133.5,Yorkshire and The Humber,196.5,82.31552162849873,Other English regions
2023 Q3,132.33333333333334,105.16666666666667,East Midlands,170.05,77.82024894638832,Other English regions
2023 Q3,80.2,63.6,East of England,99.225,80.82640463592845,Other English regions
2023 Q3,94,71,North East,121.8125,77.16777834787071,Other English regions
2023 Q3,109.83333333333333,86.5,North West,141.04166666666666,77.87296898079764,Other English regions
2023 Q3,108.83333333333333,88.5,South East,124.5,87.41633199464523,Other English regions
2023 Q3,108.125,89.875,South West,123.9375,87.24155320221887,Other English regions
2023 Q3,182,136.75,West Midlands,217.25,83.77445339470655,Other English regions
2023 Q3,175,140,Yorkshire and The Humber,196.5,89.05852417302799,Other English regions
2023 Q4,143.5,118.16666666666667,East Midlands,170.05,84.38694501617171,Other English regions
2023 Q4,92.8,74.8,East of England,99.225,93.52481733434115,Other English regions
2023 Q4,114.5,88.5,North East,121.8125,93.9969214982042,Other English regions
2023 Q4,117.33333333333333,92.58333333333333,North West,141.04166666666666,83.19054652880354,Other English regions
2023 Q4,104.58333333333333,89.16666666666667,South East,124.5,84.00267737617135,Other English regions
2023 Q4,117.875,95.25,South West,123.9375,95.1084215834594,Other English regions
2023 Q4,179.75,134.375,West Midlands,217.25,82.73878020713464,Other English regions
2023 Q4,189,147.25,Yorkshire and The Humber,196.5,96.18320610687023,Other English regions
2024 Q1,150.2,126,East Midlands,170.05,88.32696265804174,Other English regions
2024 Q1,80.3,64.4,East of England,99.225,80.92718568909045,Other English regions
2024 Q1,90.25,73.5,North East,121.8125,74.08927655207799,Other English regions
2024 Q1,103.91666666666667,83.16666666666667,North West,141.04166666666666,73.67799113737077,Other English regions
2024 Q1,96.5,77.58333333333333,South East,124.5,77.51004016064257,Other English regions
2024 Q1,105.75,90.625,South West,123.9375,85.32526475037821,Other English regions
2024 Q1,162.5,122,West Midlands,217.25,74.79861910241657,Other English regions
2024 Q1,157.25,125.75,Yorkshire and The Humber,196.5,80.02544529262086,Other English regions
2024 Q2,159.6,130.4,East Midlands,170.05,93.85474860335195,Other English regions
2024 Q2,85.6,66.3,East of England,99.225,86.26858150667675,Other English regions
2024 Q2,89.75,73.5,North East,121.8125,73.6788096459723,Other English regions
2024 Q2,108.5,85.08333333333333,North West,141.04166666666666,76.92762186115215,Other English regions
2024 Q2,98.25,79.91666666666667,South East,124.5,78.91566265060241,Other English regions
2024 Q2,116.5,99,South West,123.9375,93.9989914271306,Other English regions
2024 Q2,189.625,143.25,West Midlands,217.25,87.28423475258919,Other English regions
2024 Q2,166,133.75,Yorkshire and The Humber,196.5,84.47837150127226,Other English regions
2024 Q3,146.2,116.8,East Midlands,170.05,85.97471331961187,Other English regions
2024 Q3,81.6,66.2,East of England,99.225,82.23733938019652,Other English regions
2024 Q3,93.75,70.75,North East,121.8125,76.96254489481785,Other English regions
2024 Q3,109.58333333333333,87.16666666666667,North West,141.04166666666666,77.6957163958641,Other English regions
2024 Q3,107.58333333333333,88.91666666666667,South East,124.5,86.4123159303882,Other English regions
2024 Q3,111.875,94.75,South West,123.9375,90.2672718103883,Other English regions
2024 Q3,172.75,133.75,West Midlands,217.25,79.51668584579977,Other English regions
2024 Q3,160.25,125.25,Yorkshire and The Humber,196.5,81.55216284987277,Other English regions
2024 Q4,172.4,140.2,East Midlands,170.05,101.38194648632755,Other English regions
2024 Q4,97,78,East of England,99.225,97.75762156714538,Other English regions
2024 Q4,95.5,78.5,North East,121.8125,78.39917906618778,Other English regions
2024 Q4,123.58333333333333,97.16666666666667,North West,141.04166666666666,87.6218611521418,Other English regions
2024 Q4,100.16666666666667,84.16666666666667,South East,124.5,80.45515394912987,Other English regions
2024 Q4,120.875,102.5,South West,123.9375,97.52899646999495,Other English regions
2024 Q4,204.375,155,West Midlands,217.25,94.07364787111622,Other English regions
2024 Q4,180.5,143.5,Yorkshire and The Humber,196.5,91.85750636132316,Other English regions
