scheme,quarter_year,event_time,group,treat_group,injury_count,n_road_links,n_oas,baseline_2019_mean,index_2019,quarter_date,calendar_year,calendar_quarter
Bath,2015 Q1,-25,Control,0,13.05461,1253,45,10.31461,126.5642617607452,2015-01-01,2015,Q1
Bath,2015 Q2,-24,Control,0,8.49651,1253,45,10.31461,82.37354587328072,2015-04-01,2015,Q2
Bath,2015 Q3,-23,Control,0,10.41717,1253,45,10.31461,100.99431776867958,2015-07-01,2015,Q3
Bath,2015 Q4,-22,Control,0,5.60486,1253,45,10.31461,54.33903947895267,2015-10-01,2015,Q4
Bath,2016 Q1,-21,Control,0,9.5433,1253,45,10.31461,92.52216031435023,2016-01-01,2016,Q1
Bath,2016 Q2,-20,Control,0,5.95411,1253,45,10.31461,57.725013354843284,2016-04-01,2016,Q2
Bath,2016 Q3,-19,Control,0,10.49827,1253,45,10.31461,101.78058113685346,2016-07-01,2016,Q3
Bath,2016 Q4,-18,Control,0,8.87182,1253,45,10.31461,86.01217108547972,2016-10-01,2016,Q4
Bath,2017 Q1,-17,Control,0,9.57675,1253,45,10.31461,92.84645759752429,2017-01-01,2017,Q1
Bath,2017 Q2,-16,Control,0,6.7835,1253,45,10.31461,65.7659378299325,2017-04-01,2017,Q2
Bath,2017 Q3,-15,Control,0,5,1253,45,10.31461,48.474930220337946,2017-07-01,2017,Q3
Bath,2017 Q4,-14,Control,0,21.47639,1253,45,10.31461,208.21330132695272,2017-10-01,2017,Q4
Bath,2018 Q1,-13,Control,0,7.6757,1253,45,10.31461,74.41580437844961,2018-01-01,2018,Q1
Bath,2018 Q2,-12,Control,0,12.70334,1253,45,10.31461,123.15870401304558,2018-04-01,2018,Q2
Bath,2018 Q3,-11,Control,0,11.785730000000001,1253,45,10.31461,114.26248786914871,2018-07-01,2018,Q3
Bath,2018 Q4,-10,Control,0,15.66384,1253,45,10.31461,151.86071019650768,2018-10-01,2018,Q4
Bath,2019 Q1,-9,Control,0,13.3736,1253,45,10.31461,129.6568653589423,2019-01-01,2019,Q1
Bath,2019 Q2,-8,Control,0,7.6431,1253,45,10.31461,74.09974783341299,2019-04-01,2019,Q2
Bath,2019 Q3,-7,Control,0,12.52232,1253,45,10.31461,121.40371763934846,2019-07-01,2019,Q3
Bath,2019 Q4,-6,Control,0,7.71942,1253,45,10.31461,74.83966916829623,2019-10-01,2019,Q4
Bath,2020 Q1,-5,Control,0,6.65635,1253,45,10.31461,64.5332203544293,2020-01-01,2020,Q1
Bath,2020 Q2,-4,Control,0,1.81669,1253,45,10.31461,17.612784196397147,2020-04-01,2020,Q2
Bath,2020 Q3,-3,Control,0,6,1253,45,10.31461,58.169916264405536,2020-07-01,2020,Q3
Bath,2020 Q4,-2,Control,0,4,1253,45,10.31461,38.779944176270355,2020-10-01,2020,Q4
Bath,2021 Q1,-1,Control,0,2,1253,45,10.31461,19.389972088135178,2021-01-01,2021,Q1
Bath,2021 Q2,0,Control,0,6.97172,1253,45,10.31461,67.5907281031469,2021-04-01,2021,Q2
Bath,2021 Q3,1,Control,0,5,1253,45,10.31461,48.474930220337946,2021-07-01,2021,Q3
Bath,2021 Q4,2,Control,0,9.85839,1253,45,10.31461,95.57695346697548,2021-10-01,2021,Q4
Bath,2022 Q1,3,Control,0,8.8774,1253,45,10.31461,86.06626910760562,2022-01-01,2022,Q1
Bath,2022 Q2,4,Control,0,4.9607,1253,45,10.31461,48.09391726880609,2022-04-01,2022,Q2
Bath,2022 Q3,5,Control,0,15,1253,45,10.31461,145.42479066101384,2022-07-01,2022,Q3
Bath,2022 Q4,6,Control,0,9.73769,1253,45,10.31461,94.40676865145653,2022-10-01,2022,Q4
Bath,2023 Q1,7,Control,0,2,1253,45,10.31461,19.389972088135178,2023-01-01,2023,Q1
Bath,2023 Q2,8,Control,0,6,1253,45,10.31461,58.169916264405536,2023-04-01,2023,Q2
Bath,2023 Q3,9,Control,0,7.93414,1253,45,10.31461,76.92137657167842,2023-07-01,2023,Q3
Bath,2023 Q4,10,Control,0,1.95647,1253,45,10.31461,18.967949345636917,2023-10-01,2023,Q4
Bath,2024 Q1,11,Control,0,7,1253,45,10.31461,67.86490230847312,2024-01-01,2024,Q1
Bath,2024 Q2,12,Control,0,10.9367,1253,45,10.31461,106.03115386815401,2024-04-01,2024,Q2
Bath,2024 Q3,13,Control,0,8.83693,1253,45,10.31461,85.67391302240222,2024-07-01,2024,Q3
Bath,2024 Q4,14,Control,0,17,1253,45,10.31461,164.81476274914903,2024-10-01,2024,Q4
Bath,2015 Q1,-25,Treated,1,10.47109,1241,45,11.647905,89.89676684347957,2015-01-01,2015,Q1
Bath,2015 Q2,-24,Treated,1,9.3753,1241,45,11.647905,80.48915234112916,2015-04-01,2015,Q2
Bath,2015 Q3,-23,Treated,1,4.84171,1241,45,11.647905,41.567217452408826,2015-07-01,2015,Q3
Bath,2015 Q4,-22,Treated,1,15.18151,1241,45,11.647905,130.33682881170475,2015-10-01,2015,Q4
Bath,2016 Q1,-21,Treated,1,5.70206,1241,45,11.647905,48.95352426037129,2016-01-01,2016,Q1
Bath,2016 Q2,-20,Treated,1,4.83274,1241,45,11.647905,41.490207895754644,2016-04-01,2016,Q2
Bath,2016 Q3,-19,Treated,1,10.45566,1241,45,11.647905,89.76429666965862,2016-07-01,2016,Q3
Bath,2016 Q4,-18,Treated,1,11.49891,1241,45,11.647905,98.72084293269907,2016-10-01,2016,Q4
Bath,2017 Q1,-17,Treated,1,5.64319,1241,45,11.647905,48.44811148442574,2017-01-01,2017,Q1
Bath,2017 Q2,-16,Treated,1,3.7164200000000003,1241,45,11.647905,31.906338521820025,2017-04-01,2017,Q2
Bath,2017 Q3,-15,Treated,1,8.46842,1241,45,11.647905,72.7033745553385,2017-07-01,2017,Q3
Bath,2017 Q4,-14,Treated,1,8.52327,1241,45,11.647905,73.17427468716477,2017-10-01,2017,Q4
Bath,2018 Q1,-13,Treated,1,13.12377,1241,45,11.647905,112.67064764006918,2018-01-01,2018,Q1
Bath,2018 Q2,-12,Treated,1,9.46927,1241,45,11.647905,81.2959068605041,2018-04-01,2018,Q2
Bath,2018 Q3,-11,Treated,1,7.61093,1241,45,11.647905,65.34162151906287,2018-07-01,2018,Q3
Bath,2018 Q4,-10,Treated,1,9.51764,1241,45,11.647905,81.71117467046649,2018-10-01,2018,Q4
Bath,2019 Q1,-9,Treated,1,4.69853,1241,45,11.647905,40.337983525792836,2019-01-01,2019,Q1
Bath,2019 Q2,-8,Treated,1,11.3965,1241,45,11.647905,97.84162903114336,2019-04-01,2019,Q2
Bath,2019 Q3,-7,Treated,1,12.1287,1241,45,11.647905,104.1277379923686,2019-07-01,2019,Q3
Bath,2019 Q4,-6,Treated,1,18.36789,1241,45,11.647905,157.6926494506952,2019-10-01,2019,Q4
Bath,2020 Q1,-5,Treated,1,6.59839,1241,45,11.647905,56.64872781843602,2020-01-01,2020,Q1
Bath,2020 Q2,-4,Treated,1,3.83857,1241,45,11.647905,32.95502495942403,2020-04-01,2020,Q2
Bath,2020 Q3,-3,Treated,1,6.583550000000001,1241,45,11.647905,56.52132293317983,2020-07-01,2020,Q3
Bath,2020 Q4,-2,Treated,1,3.78134,1241,45,11.647905,32.46369196864158,2020-10-01,2020,Q4
Bath,2021 Q1,-1,Treated,1,1,1241,45,11.647905,8.585234855538399,2021-01-01,2021,Q1
Bath,2021 Q2,0,Treated,1,0.93442,1241,45,11.647905,8.022215153712192,2021-04-01,2021,Q2
Bath,2021 Q3,1,Treated,1,12.06837,1241,45,11.647905,103.60979077353396,2021-07-01,2021,Q3
Bath,2021 Q4,2,Treated,1,7.58805,1241,45,11.647905,65.14519134556815,2021-10-01,2021,Q4
Bath,2022 Q1,3,Treated,1,11.26096,1241,45,11.647905,96.6779862988237,2022-01-01,2022,Q1
Bath,2022 Q2,4,Treated,1,3.72332,1241,45,11.647905,31.965576642323235,2022-04-01,2022,Q2
Bath,2022 Q3,5,Treated,1,4.69507,1241,45,11.647905,40.30827861319268,2022-07-01,2022,Q3
Bath,2022 Q4,6,Treated,1,2.91826,1241,45,11.647905,25.053947469523493,2022-10-01,2022,Q4
Bath,2023 Q1,7,Treated,1,1.82458,1241,45,11.647905,15.664447812718253,2023-01-01,2023,Q1
Bath,2023 Q2,8,Treated,1,0,1241,45,11.647905,0,2023-04-01,2023,Q2
Bath,2023 Q3,9,Treated,1,5.51159,1241,45,11.647905,47.31829457743689,2023-07-01,2023,Q3
Bath,2023 Q4,10,Treated,1,1.85298,1241,45,11.647905,15.908268482615544,2023-10-01,2023,Q4
Bath,2024 Q1,11,Treated,1,2.9663500000000003,1241,45,11.647905,25.466811413726337,2024-01-01,2024,Q1
Bath,2024 Q2,12,Treated,1,5.6118,1241,45,11.647905,48.17862096231039,2024-04-01,2024,Q2
Bath,2024 Q3,13,Treated,1,12.32989,1241,45,11.647905,105.85500139295436,2024-07-01,2024,Q3
Bath,2024 Q4,14,Treated,1,1.85381,1241,45,11.647905,15.91539422754564,2024-10-01,2024,Q4
Birmingham,2015 Q1,-26,Control,0,113.20378,6411,225,137.5496975,82.30027550587668,2015-01-01,2015,Q1
Birmingham,2015 Q2,-25,Control,0,99.48254,6411,225,137.5496975,72.32479737005602,2015-04-01,2015,Q2
Birmingham,2015 Q3,-24,Control,0,155.68096,6411,225,137.5496975,113.18160841466045,2015-07-01,2015,Q3
Birmingham,2015 Q4,-23,Control,0,180.27625,6411,225,137.5496975,131.06262919989337,2015-10-01,2015,Q4
Birmingham,2016 Q1,-22,Control,0,130.04444,6411,225,137.5496975,94.54360304936331,2016-01-01,2016,Q1
Birmingham,2016 Q2,-21,Control,0,118.37573,6411,225,137.5496975,86.06033466558515,2016-04-01,2016,Q2
Birmingham,2016 Q3,-20,Control,0,135.85686,6411,225,137.5496975,98.76929027779215,2016-07-01,2016,Q3
Birmingham,2016 Q4,-19,Control,0,142.22268,6411,225,137.5496975,103.39730481777322,2016-10-01,2016,Q4
Birmingham,2017 Q1,-18,Control,0,161.91955,6411,225,137.5496975,117.71712547750239,2017-01-01,2017,Q1
Birmingham,2017 Q2,-17,Control,0,130.5849,6411,225,137.5496975,94.93652285204044,2017-04-01,2017,Q2
Birmingham,2017 Q3,-16,Control,0,165.61236,6411,225,137.5496975,120.40183512580971,2017-07-01,2017,Q3
Birmingham,2017 Q4,-15,Control,0,147.44041000000001,6411,225,137.5496975,107.19064649342468,2017-10-01,2017,Q4
Birmingham,2018 Q1,-14,Control,0,133.21963,6411,225,137.5496975,96.85199780246698,2018-01-01,2018,Q1
Birmingham,2018 Q2,-13,Control,0,128.90059,6411,225,137.5496975,93.71201270726166,2018-04-01,2018,Q2
Birmingham,2018 Q3,-12,Control,0,163.58436,6411,225,137.5496975,118.92745892807216,2018-07-01,2018,Q3
Birmingham,2018 Q4,-11,Control,0,127.39541,6411,225,137.5496975,92.6177318565168,2018-10-01,2018,Q4
Birmingham,2019 Q1,-10,Control,0,119.4395,6411,225,137.5496975,86.83370605013506,2019-01-01,2019,Q1
Birmingham,2019 Q2,-9,Control,0,137.99006,6411,225,137.5496975,100.32014792326241,2019-04-01,2019,Q2
Birmingham,2019 Q3,-8,Control,0,120.61229,6411,225,137.5496975,87.68633606046279,2019-07-01,2019,Q3
Birmingham,2019 Q4,-7,Control,0,172.15694,6411,225,137.5496975,125.15980996613968,2019-10-01,2019,Q4
Birmingham,2020 Q1,-6,Control,0,81.12959000000001,6411,225,137.5496975,58.98201993501294,2020-01-01,2020,Q1
Birmingham,2020 Q2,-5,Control,0,67.46213,6411,225,137.5496975,49.045640394810754,2020-04-01,2020,Q2
Birmingham,2020 Q3,-4,Control,0,93.06426,6411,225,137.5496975,67.65864388760288,2020-07-01,2020,Q3
Birmingham,2020 Q4,-3,Control,0,78.3891,6411,225,137.5496975,56.989656411276364,2020-10-01,2020,Q4
Birmingham,2021 Q1,-2,Control,0,53.60864,6411,225,137.5496975,38.97401519185457,2021-01-01,2021,Q1
Birmingham,2021 Q2,-1,Control,0,80.52244,6411,225,137.5496975,58.54061583814097,2021-04-01,2021,Q2
Birmingham,2021 Q3,0,Control,0,96.34662,6411,225,137.5496975,70.0449522980594,2021-07-01,2021,Q3
Birmingham,2021 Q4,1,Control,0,102.86027,6411,225,137.5496975,74.780440720344,2021-10-01,2021,Q4
Birmingham,2022 Q1,2,Control,0,80.37527,6411,225,137.5496975,58.433621782410675,2022-01-01,2022,Q1
Birmingham,2022 Q2,3,Control,0,90.09376,6411,225,137.5496975,65.49906080309627,2022-04-01,2022,Q2
Birmingham,2022 Q3,4,Control,0,79.97354,6411,225,137.5496975,58.14156007140619,2022-07-01,2022,Q3
Birmingham,2022 Q4,5,Control,0,103.32615,6411,225,137.5496975,75.11914012024636,2022-10-01,2022,Q4
Birmingham,2023 Q1,6,Control,0,111.62281,6411,225,137.5496975,81.15089457030612,2023-01-01,2023,Q1
Birmingham,2023 Q2,7,Control,0,108.24821,6411,225,137.5496975,78.69752676119117,2023-04-01,2023,Q2
Birmingham,2023 Q3,8,Control,0,106.23099,6411,225,137.5496975,77.23098773081634,2023-07-01,2023,Q3
Birmingham,2023 Q4,9,Control,0,112.20516,6411,225,137.5496975,81.57426882018407,2023-10-01,2023,Q4
Birmingham,2024 Q1,10,Control,0,79.87667,6411,225,137.5496975,58.07113461663556,2024-01-01,2024,Q1
Birmingham,2024 Q2,11,Control,0,85.87996,6411,225,137.5496975,62.43558623602207,2024-04-01,2024,Q2
Birmingham,2024 Q3,12,Control,0,63.91043,6411,225,137.5496975,46.463519121879564,2024-07-01,2024,Q3
Birmingham,2024 Q4,13,Control,0,85.39445,6411,225,137.5496975,62.082615630615976,2024-10-01,2024,Q4
Birmingham,2015 Q1,-26,Treated,1,121.52452,4009,120,104.5,116.29140669856459,2015-01-01,2015,Q1
Birmingham,2015 Q2,-25,Treated,1,94.63749,4009,120,104.5,90.5621913875598,2015-04-01,2015,Q2
Birmingham,2015 Q3,-24,Treated,1,118.51071,4009,120,104.5,113.40737799043062,2015-07-01,2015,Q3
Birmingham,2015 Q4,-23,Treated,1,102.88625,4009,120,104.5,98.45574162679426,2015-10-01,2015,Q4
Birmingham,2016 Q1,-22,Treated,1,113,4009,120,104.5,108.13397129186603,2016-01-01,2016,Q1
Birmingham,2016 Q2,-21,Treated,1,101,4009,120,104.5,96.65071770334929,2016-04-01,2016,Q2
Birmingham,2016 Q3,-20,Treated,1,109,4009,120,104.5,104.30622009569377,2016-07-01,2016,Q3
Birmingham,2016 Q4,-19,Treated,1,105,4009,120,104.5,100.47846889952153,2016-10-01,2016,Q4
Birmingham,2017 Q1,-18,Treated,1,79,4009,120,104.5,75.59808612440192,2017-01-01,2017,Q1
Birmingham,2017 Q2,-17,Treated,1,122,4009,120,104.5,116.7464114832536,2017-04-01,2017,Q2
Birmingham,2017 Q3,-16,Treated,1,90,4009,120,104.5,86.1244019138756,2017-07-01,2017,Q3
Birmingham,2017 Q4,-15,Treated,1,121,4009,120,104.5,115.78947368421052,2017-10-01,2017,Q4
Birmingham,2018 Q1,-14,Treated,1,106,4009,120,104.5,101.43540669856459,2018-01-01,2018,Q1
Birmingham,2018 Q2,-13,Treated,1,95,4009,120,104.5,90.9090909090909,2018-04-01,2018,Q2
Birmingham,2018 Q3,-12,Treated,1,99,4009,120,104.5,94.73684210526316,2018-07-01,2018,Q3
Birmingham,2018 Q4,-11,Treated,1,137,4009,120,104.5,131.10047846889952,2018-10-01,2018,Q4
Birmingham,2019 Q1,-10,Treated,1,116,4009,120,104.5,111.00478468899522,2019-01-01,2019,Q1
Birmingham,2019 Q2,-9,Treated,1,101,4009,120,104.5,96.65071770334929,2019-04-01,2019,Q2
Birmingham,2019 Q3,-8,Treated,1,90,4009,120,104.5,86.1244019138756,2019-07-01,2019,Q3
Birmingham,2019 Q4,-7,Treated,1,111,4009,120,104.5,106.22009569377991,2019-10-01,2019,Q4
Birmingham,2020 Q1,-6,Treated,1,87,4009,120,104.5,83.2535885167464,2020-01-01,2020,Q1
Birmingham,2020 Q2,-5,Treated,1,14,4009,120,104.5,13.397129186602871,2020-04-01,2020,Q2
Birmingham,2020 Q3,-4,Treated,1,64,4009,120,104.5,61.24401913875598,2020-07-01,2020,Q3
Birmingham,2020 Q4,-3,Treated,1,60,4009,120,104.5,57.41626794258373,2020-10-01,2020,Q4
Birmingham,2021 Q1,-2,Treated,1,63,4009,120,104.5,60.28708133971292,2021-01-01,2021,Q1
Birmingham,2021 Q2,-1,Treated,1,63,4009,120,104.5,60.28708133971292,2021-04-01,2021,Q2
Birmingham,2021 Q3,0,Treated,1,86,4009,120,104.5,82.29665071770334,2021-07-01,2021,Q3
Birmingham,2021 Q4,1,Treated,1,96,4009,120,104.5,91.86602870813397,2021-10-01,2021,Q4
Birmingham,2022 Q1,2,Treated,1,94,4009,120,104.5,89.95215311004785,2022-01-01,2022,Q1
Birmingham,2022 Q2,3,Treated,1,72,4009,120,104.5,68.89952153110048,2022-04-01,2022,Q2
Birmingham,2022 Q3,4,Treated,1,91,4009,120,104.5,87.08133971291866,2022-07-01,2022,Q3
Birmingham,2022 Q4,5,Treated,1,94,4009,120,104.5,89.95215311004785,2022-10-01,2022,Q4
Birmingham,2023 Q1,6,Treated,1,74,4009,120,104.5,70.8133971291866,2023-01-01,2023,Q1
Birmingham,2023 Q2,7,Treated,1,75,4009,120,104.5,71.77033492822966,2023-04-01,2023,Q2
Birmingham,2023 Q3,8,Treated,1,54,4009,120,104.5,51.67464114832536,2023-07-01,2023,Q3
Birmingham,2023 Q4,9,Treated,1,62,4009,120,104.5,59.33014354066986,2023-10-01,2023,Q4
Birmingham,2024 Q1,10,Treated,1,73,4009,120,104.5,69.85645933014354,2024-01-01,2024,Q1
Birmingham,2024 Q2,11,Treated,1,85,4009,120,104.5,81.33971291866028,2024-04-01,2024,Q2
Birmingham,2024 Q3,12,Treated,1,73,4009,120,104.5,69.85645933014354,2024-07-01,2024,Q3
Birmingham,2024 Q4,13,Treated,1,108,4009,120,104.5,103.34928229665071,2024-10-01,2024,Q4
Bradford,2015 Q1,-31,Control,0,229.55047,16569,469,164.092245,139.8911142936706,2015-01-01,2015,Q1
Bradford,2015 Q2,-30,Control,0,204.52794,16569,469,164.092245,124.64205118285756,2015-04-01,2015,Q2
Bradford,2015 Q3,-29,Control,0,219.62004,16569,469,164.092245,133.83937796694778,2015-07-01,2015,Q3
Bradford,2015 Q4,-28,Control,0,231.28152,16569,469,164.092245,140.94603922324302,2015-10-01,2015,Q4
Bradford,2016 Q1,-27,Control,0,234.39892,16569,469,164.092245,142.84582431058823,2016-01-01,2016,Q1
Bradford,2016 Q2,-26,Control,0,232.91527,16569,469,164.092245,141.94166823666774,2016-04-01,2016,Q2
Bradford,2016 Q3,-25,Control,0,240.46949,16569,469,164.092245,146.54531053554666,2016-07-01,2016,Q3
Bradford,2016 Q4,-24,Control,0,260.91267,16569,469,164.092245,159.00365675416288,2016-10-01,2016,Q4
Bradford,2017 Q1,-23,Control,0,211.69326,16569,469,164.092245,129.0086926411422,2017-01-01,2017,Q1
Bradford,2017 Q2,-22,Control,0,216.82795,16569,469,164.092245,132.13784112710505,2017-04-01,2017,Q2
Bradford,2017 Q3,-21,Control,0,165.04089,16569,469,164.092245,100.57811690003997,2017-07-01,2017,Q3
Bradford,2017 Q4,-20,Control,0,201.29236,16569,469,164.092245,122.67024562921911,2017-10-01,2017,Q4
Bradford,2018 Q1,-19,Control,0,158.98765,16569,469,164.092245,96.88919180793705,2018-01-01,2018,Q1
Bradford,2018 Q2,-18,Control,0,195.22686,16569,469,164.092245,118.97384912979891,2018-04-01,2018,Q2
Bradford,2018 Q3,-17,Control,0,163.48999,16569,469,164.092245,99.63297778027231,2018-07-01,2018,Q3
Bradford,2018 Q4,-16,Control,0,180.83328,16569,469,164.092245,110.20220973879663,2018-10-01,2018,Q4
Bradford,2019 Q1,-15,Control,0,141.04231,16569,469,164.092245,85.95306255941588,2019-01-01,2019,Q1
Bradford,2019 Q2,-14,Control,0,143.2092,16569,469,164.092245,87.27359419087723,2019-04-01,2019,Q2
Bradford,2019 Q3,-13,Control,0,182.78655,16569,469,164.092245,111.3925584965944,2019-07-01,2019,Q3
Bradford,2019 Q4,-12,Control,0,189.33092,16569,469,164.092245,115.38078475311251,2019-10-01,2019,Q4
Bradford,2020 Q1,-11,Control,0,133.5163,16569,469,164.092245,81.36661181032657,2020-01-01,2020,Q1
Bradford,2020 Q2,-10,Control,0,96.24625,16569,469,164.092245,58.653746860493015,2020-04-01,2020,Q2
Bradford,2020 Q3,-9,Control,0,196.94369,16569,469,164.092245,120.02010820194458,2020-07-01,2020,Q3
Bradford,2020 Q4,-8,Control,0,113.82404,16569,469,164.092245,69.3658862428264,2020-10-01,2020,Q4
Bradford,2021 Q1,-7,Control,0,85.59696,16569,469,164.092245,52.16392767373011,2021-01-01,2021,Q1
Bradford,2021 Q2,-6,Control,0,132.6614,16569,469,164.092245,80.84562436207756,2021-04-01,2021,Q2
Bradford,2021 Q3,-5,Control,0,149.95832,16569,469,164.092245,91.38659782490025,2021-07-01,2021,Q3
Bradford,2021 Q4,-4,Control,0,175.28671,16569,469,164.092245,106.82205609411949,2021-10-01,2021,Q4
Bradford,2022 Q1,-3,Control,0,123.86263,16569,469,164.092245,75.48353671436453,2022-01-01,2022,Q1
Bradford,2022 Q2,-2,Control,0,124.06275,16569,469,164.092245,75.60549250819257,2022-04-01,2022,Q2
Bradford,2022 Q3,-1,Control,0,170.85938,16569,469,164.092245,104.12398221500351,2022-07-01,2022,Q3
Bradford,2022 Q4,0,Control,0,164.76303,16569,469,164.092245,100.40878531462593,2022-10-01,2022,Q4
Bradford,2023 Q1,1,Control,0,142.97899,16569,469,164.092245,87.13330115021586,2023-01-01,2023,Q1
Bradford,2023 Q2,2,Control,0,112.49247,16569,469,164.092245,68.55440974678602,2023-04-01,2023,Q2
Bradford,2023 Q3,3,Control,0,124.89177,16569,469,164.092245,76.11070833969028,2023-07-01,2023,Q3
Bradford,2023 Q4,4,Control,0,137.01321,16569,469,164.092245,83.49767534718048,2023-10-01,2023,Q4
Bradford,2024 Q1,5,Control,0,122.12797,16569,469,164.092245,74.42641180270282,2024-01-01,2024,Q1
Bradford,2024 Q2,6,Control,0,148.60424,16569,469,164.092245,90.56140343500086,2024-04-01,2024,Q2
Bradford,2024 Q3,7,Control,0,135.43502,16569,469,164.092245,82.53590533787872,2024-07-01,2024,Q3
Bradford,2024 Q4,8,Control,0,146.877,16569,469,164.092245,89.50880037018204,2024-10-01,2024,Q4
Bradford,2015 Q1,-31,Treated,1,145.17848,9888,258,89.8870275,161.512160361516,2015-01-01,2015,Q1
Bradford,2015 Q2,-30,Treated,1,140.6914,9888,258,89.8870275,156.52024982136604,2015-04-01,2015,Q2
Bradford,2015 Q3,-29,Treated,1,131.70396,9888,258,89.8870275,146.52165464032058,2015-07-01,2015,Q3
Bradford,2015 Q4,-28,Treated,1,159.59597,9888,258,89.8870275,177.55172736132585,2015-10-01,2015,Q4
Bradford,2016 Q1,-27,Treated,1,155.29353,9888,258,89.8870275,172.76523022190273,2016-01-01,2016,Q1
Bradford,2016 Q2,-26,Treated,1,104.70766,9888,258,89.8870275,116.48806608940316,2016-04-01,2016,Q2
Bradford,2016 Q3,-25,Treated,1,155.3425,9888,258,89.8870275,172.8197097184018,2016-07-01,2016,Q3
Bradford,2016 Q4,-24,Treated,1,138.22392,9888,258,89.8870275,153.77515960242428,2016-10-01,2016,Q4
Bradford,2017 Q1,-23,Treated,1,115.79582,9888,258,89.8870275,128.82372820705413,2017-01-01,2017,Q1
Bradford,2017 Q2,-22,Treated,1,113.77674,9888,258,89.8870275,126.57748638979079,2017-04-01,2017,Q2
Bradford,2017 Q3,-21,Treated,1,139.28597,9888,258,89.8870275,154.95669828441038,2017-07-01,2017,Q3
Bradford,2017 Q4,-20,Treated,1,122.16649,9888,258,89.8870275,135.91114691160521,2017-10-01,2017,Q4
Bradford,2018 Q1,-19,Treated,1,93.91722,9888,258,89.8870275,104.48361973033316,2018-01-01,2018,Q1
Bradford,2018 Q2,-18,Treated,1,103.94018,9888,258,89.8870275,115.6342387671013,2018-04-01,2018,Q2
Bradford,2018 Q3,-17,Treated,1,107.17829,9888,258,89.8870275,119.23666070724165,2018-07-01,2018,Q3
Bradford,2018 Q4,-16,Treated,1,134.14663,9888,258,89.8870275,149.23914354604727,2018-10-01,2018,Q4
Bradford,2019 Q1,-15,Treated,1,84.55299000000001,9888,258,89.8870275,94.06584281586129,2019-01-01,2019,Q1
Bradford,2019 Q2,-14,Treated,1,96.99513,9888,258,89.8870275,107.90781795515488,2019-04-01,2019,Q2
Bradford,2019 Q3,-13,Treated,1,82.85904,9888,258,89.8870275,92.18131059011823,2019-07-01,2019,Q3
Bradford,2019 Q4,-12,Treated,1,95.14095,9888,258,89.8870275,105.84502863886561,2019-10-01,2019,Q4
Bradford,2020 Q1,-11,Treated,1,103.86013,9888,258,89.8870275,115.54518253482127,2020-01-01,2020,Q1
Bradford,2020 Q2,-10,Treated,1,42.7923,9888,258,89.8870275,47.606758383460836,2020-04-01,2020,Q2
Bradford,2020 Q3,-9,Treated,1,65.05424,9888,258,89.8870275,72.37333551829822,2020-07-01,2020,Q3
Bradford,2020 Q4,-8,Treated,1,70.71728,9888,258,89.8870275,78.67351047958505,2020-10-01,2020,Q4
Bradford,2021 Q1,-7,Treated,1,63.25072,9888,258,89.8870275,70.36690583632883,2021-01-01,2021,Q1
Bradford,2021 Q2,-6,Treated,1,141.6517,9888,258,89.8870275,157.58859085645034,2021-04-01,2021,Q2
Bradford,2021 Q3,-5,Treated,1,165,9888,258,89.8870275,183.5637517326958,2021-07-01,2021,Q3
Bradford,2021 Q4,-4,Treated,1,128,9888,258,89.8870275,142.40097104112158,2021-10-01,2021,Q4
Bradford,2022 Q1,-3,Treated,1,126,9888,258,89.8870275,140.17595586860406,2022-01-01,2022,Q1
Bradford,2022 Q2,-2,Treated,1,108,9888,258,89.8870275,120.15081931594634,2022-04-01,2022,Q2
Bradford,2022 Q3,-1,Treated,1,107,9888,258,89.8870275,119.03831172968758,2022-07-01,2022,Q3
Bradford,2022 Q4,0,Treated,1,138,9888,258,89.8870275,153.52604690370922,2022-10-01,2022,Q4
Bradford,2023 Q1,1,Treated,1,115,9888,258,89.8870275,127.93837241975767,2023-01-01,2023,Q1
Bradford,2023 Q2,2,Treated,1,128,9888,258,89.8870275,142.40097104112158,2023-04-01,2023,Q2
Bradford,2023 Q3,3,Treated,1,120,9888,258,89.8870275,133.5009103510515,2023-07-01,2023,Q3
Bradford,2023 Q4,4,Treated,1,104,9888,258,89.8870275,115.70078897091129,2023-10-01,2023,Q4
Bradford,2024 Q1,5,Treated,1,122,9888,258,89.8870275,135.725925523569,2024-01-01,2024,Q1
Bradford,2024 Q2,6,Treated,1,117,9888,258,89.8870275,130.1633875922752,2024-04-01,2024,Q2
Bradford,2024 Q3,7,Treated,1,105,9888,258,89.8870275,116.81329655717005,2024-07-01,2024,Q3
Bradford,2024 Q4,8,Treated,1,132,9888,258,89.8870275,146.85100138615664,2024-10-01,2024,Q4
Bristol,2015 Q1,-32,Control,0,72.0012,3481,130,64.6231925,111.41696535651654,2015-01-01,2015,Q1
Bristol,2015 Q2,-31,Control,0,90.81861,3481,130,64.6231925,140.53562890753193,2015-04-01,2015,Q2
Bristol,2015 Q3,-30,Control,0,82.93478,3481,130,64.6231925,128.33593759701674,2015-07-01,2015,Q3
Bristol,2015 Q4,-29,Control,0,72.32323,3481,130,64.6231925,111.9152849033263,2015-10-01,2015,Q4
Bristol,2016 Q1,-28,Control,0,97.97045,3481,130,64.6231925,151.6026154232476,2016-01-01,2016,Q1
Bristol,2016 Q2,-27,Control,0,78.18561,3481,130,64.6231925,120.98691967284036,2016-04-01,2016,Q2
Bristol,2016 Q3,-26,Control,0,84.14104,3481,130,64.6231925,130.20254299568998,2016-07-01,2016,Q3
Bristol,2016 Q4,-25,Control,0,72.16558,3481,130,64.6231925,111.67133223880886,2016-10-01,2016,Q4
Bristol,2017 Q1,-24,Control,0,78.27851,3481,130,64.6231925,121.13067611136667,2017-01-01,2017,Q1
Bristol,2017 Q2,-23,Control,0,79.4732,3481,130,64.6231925,122.97937772108675,2017-04-01,2017,Q2
Bristol,2017 Q3,-22,Control,0,74.76133,3481,130,64.6231925,115.68807901280952,2017-07-01,2017,Q3
Bristol,2017 Q4,-21,Control,0,88.25533,3481,130,64.6231925,136.56912725257266,2017-10-01,2017,Q4
Bristol,2018 Q1,-20,Control,0,60.92147,3481,130,64.6231925,94.27183592020775,2018-01-01,2018,Q1
Bristol,2018 Q2,-19,Control,0,86.58399,3481,130,64.6231925,133.98284215067213,2018-04-01,2018,Q2
Bristol,2018 Q3,-18,Control,0,71.54458,3481,130,64.6231925,110.71037692853072,2018-07-01,2018,Q3
Bristol,2018 Q4,-17,Control,0,90.946,3481,130,64.6231925,140.73275627786418,2018-10-01,2018,Q4
Bristol,2019 Q1,-16,Control,0,56.02792,3481,130,64.6231925,86.69939975497188,2019-01-01,2019,Q1
Bristol,2019 Q2,-15,Control,0,57.27722,3481,130,64.6231925,88.63260662957806,2019-04-01,2019,Q2
Bristol,2019 Q3,-14,Control,0,68.59302,3481,130,64.6231925,106.14303835267809,2019-07-01,2019,Q3
Bristol,2019 Q4,-13,Control,0,76.59461,3481,130,64.6231925,118.52495526277195,2019-10-01,2019,Q4
Bristol,2020 Q1,-12,Control,0,57.50524,3481,130,64.6231925,88.9854520882731,2020-01-01,2020,Q1
Bristol,2020 Q2,-11,Control,0,20.72566,3481,130,64.6231925,32.071550782638916,2020-04-01,2020,Q2
Bristol,2020 Q3,-10,Control,0,47.28112,3481,130,64.6231925,73.16432099822366,2020-07-01,2020,Q3
Bristol,2020 Q4,-9,Control,0,51.42092,3481,130,64.6231925,79.5703802469988,2020-10-01,2020,Q4
Bristol,2021 Q1,-8,Control,0,24.4553,3481,130,64.6231925,37.842915297011984,2021-01-01,2021,Q1
Bristol,2021 Q2,-7,Control,0,51.86822,3481,130,64.6231925,80.26254660817013,2021-04-01,2021,Q2
Bristol,2021 Q3,-6,Control,0,63.63249,3481,130,64.6231925,98.4669551879536,2021-07-01,2021,Q3
Bristol,2021 Q4,-5,Control,0,56.45803,3481,130,64.6231925,87.36496575900362,2021-10-01,2021,Q4
Bristol,2022 Q1,-4,Control,0,41.89894,3481,130,64.6231925,64.83576310470889,2022-01-01,2022,Q1
Bristol,2022 Q2,-3,Control,0,53.91713,3481,130,64.6231925,83.43309563358386,2022-04-01,2022,Q2
Bristol,2022 Q3,-2,Control,0,58.13,3481,130,64.6231925,89.95222574310299,2022-07-01,2022,Q3
Bristol,2022 Q4,-1,Control,0,69.06076,3481,130,64.6231925,106.86683422518935,2022-10-01,2022,Q4
Bristol,2023 Q1,0,Control,0,45.6549,3481,130,64.6231925,70.6478560309443,2023-01-01,2023,Q1
Bristol,2023 Q2,1,Control,0,52.61362,3481,130,64.6231925,81.4160024669162,2023-04-01,2023,Q2
Bristol,2023 Q3,2,Control,0,57.91919,3481,130,64.6231925,89.62601159018877,2023-07-01,2023,Q3
Bristol,2023 Q4,3,Control,0,66.50621,3481,130,64.6231925,102.9138416521282,2023-10-01,2023,Q4
Bristol,2024 Q1,4,Control,0,83.71087,3481,130,64.6231925,129.53688414573452,2024-01-01,2024,Q1
Bristol,2024 Q2,5,Control,0,58.86999,3481,130,64.6231925,91.09730999439559,2024-04-01,2024,Q2
Bristol,2024 Q3,6,Control,0,62.34038,3481,130,64.6231925,96.46750274678863,2024-07-01,2024,Q3
Bristol,2024 Q4,7,Control,0,49.48544,3481,130,64.6231925,76.5753564403368,2024-10-01,2024,Q4
Bristol,2015 Q1,-32,Treated,1,31.65981,1523,47,32.9411225,96.11029496642078,2015-01-01,2015,Q1
Bristol,2015 Q2,-31,Treated,1,28.26861,1523,47,32.9411225,85.8155638138925,2015-04-01,2015,Q2
Bristol,2015 Q3,-30,Treated,1,28.45037,1523,47,32.9411225,86.36733614648378,2015-07-01,2015,Q3
Bristol,2015 Q4,-29,Treated,1,25.39718,1523,47,32.9411225,77.09870846083038,2015-10-01,2015,Q4
Bristol,2016 Q1,-28,Treated,1,28.30301,1523,47,32.9411225,85.91999255641637,2016-01-01,2016,Q1
Bristol,2016 Q2,-27,Treated,1,31.50143,1523,47,32.9411225,95.62949775011462,2016-04-01,2016,Q2
Bristol,2016 Q3,-26,Treated,1,30.75805,1523,47,32.9411225,93.37280476705068,2016-07-01,2016,Q3
Bristol,2016 Q4,-25,Treated,1,36.33691,1523,47,32.9411225,110.30865751463085,2016-10-01,2016,Q4
Bristol,2017 Q1,-24,Treated,1,31.9496,1523,47,32.9411225,96.99001605060666,2017-01-01,2017,Q1
Bristol,2017 Q2,-23,Treated,1,33.39684,1523,47,32.9411225,101.38343039160247,2017-04-01,2017,Q2
Bristol,2017 Q3,-22,Treated,1,18.03829,1523,47,32.9411225,54.75918435991366,2017-07-01,2017,Q3
Bristol,2017 Q4,-21,Treated,1,36.88141,1523,47,32.9411225,111.96160665138234,2017-10-01,2017,Q4
Bristol,2018 Q1,-20,Treated,1,23.64191,1523,47,32.9411225,71.77020151635695,2018-01-01,2018,Q1
Bristol,2018 Q2,-19,Treated,1,42.15561,1523,47,32.9411225,127.97259716938913,2018-04-01,2018,Q2
Bristol,2018 Q3,-18,Treated,1,38.264070000000004,1523,47,32.9411225,116.15897424260513,2018-07-01,2018,Q3
Bristol,2018 Q4,-17,Treated,1,37.61558,1523,47,32.9411225,114.19034066006706,2018-10-01,2018,Q4
Bristol,2019 Q1,-16,Treated,1,32.26737,1523,47,32.9411225,97.95467655967097,2019-01-01,2019,Q1
Bristol,2019 Q2,-15,Treated,1,36.28565,1523,47,32.9411225,110.15304654539321,2019-04-01,2019,Q2
Bristol,2019 Q3,-14,Treated,1,36.97302,1523,47,32.9411225,112.23970889273733,2019-07-01,2019,Q3
Bristol,2019 Q4,-13,Treated,1,26.23845,1523,47,32.9411225,79.65256800219848,2019-10-01,2019,Q4
Bristol,2020 Q1,-12,Treated,1,17.88371,1523,47,32.9411225,54.28992287679329,2020-01-01,2020,Q1
Bristol,2020 Q2,-11,Treated,1,8.45736,1523,47,32.9411225,25.674170635806355,2020-04-01,2020,Q2
Bristol,2020 Q3,-10,Treated,1,23.64059,1523,47,32.9411225,71.76619436693451,2020-07-01,2020,Q3
Bristol,2020 Q4,-9,Treated,1,10.44863,1523,47,32.9411225,31.71910732550174,2020-10-01,2020,Q4
Bristol,2021 Q1,-8,Treated,1,10.51834,1523,47,32.9411225,31.930727315075558,2021-01-01,2021,Q1
Bristol,2021 Q2,-7,Treated,1,19.88616,1523,47,32.9411225,60.36879890780893,2021-04-01,2021,Q2
Bristol,2021 Q3,-6,Treated,1,16.98902,1523,47,32.9411225,51.573895212587246,2021-07-01,2021,Q3
Bristol,2021 Q4,-5,Treated,1,30.35126,1523,47,32.9411225,92.13790452951324,2021-10-01,2021,Q4
Bristol,2022 Q1,-4,Treated,1,17.8033,1523,47,32.9411225,54.045820691143724,2022-01-01,2022,Q1
Bristol,2022 Q2,-3,Treated,1,38.08445,1523,47,32.9411225,115.61369834922898,2022-04-01,2022,Q2
Bristol,2022 Q3,-2,Treated,1,23.10633,1523,47,32.9411225,70.14433099539944,2022-07-01,2022,Q3
Bristol,2022 Q4,-1,Treated,1,18.94835,1523,47,32.9411225,57.52187102913691,2022-10-01,2022,Q4
Bristol,2023 Q1,0,Treated,1,28.07487,1523,47,32.9411225,85.22742356457344,2023-01-01,2023,Q1
Bristol,2023 Q2,1,Treated,1,29.498920000000002,1523,47,32.9411225,89.55043957594343,2023-04-01,2023,Q2
Bristol,2023 Q3,2,Treated,1,15.29845,1523,47,32.9411225,46.44179930419797,2023-07-01,2023,Q3
Bristol,2023 Q4,3,Treated,1,20.05103,1523,47,32.9411225,60.86929794210869,2023-10-01,2023,Q4
Bristol,2024 Q1,4,Treated,1,21.01157,1523,47,32.9411225,63.785227719547194,2024-01-01,2024,Q1
Bristol,2024 Q2,5,Treated,1,21.1971,1523,47,32.9411225,64.34844471374647,2024-04-01,2024,Q2
Bristol,2024 Q3,6,Treated,1,22.36397,1523,47,32.9411225,67.8907344459801,2024-07-01,2024,Q3
Bristol,2024 Q4,7,Treated,1,24.54889,1523,47,32.9411225,74.5235381702612,2024-10-01,2024,Q4
Newcastle,2015 Q1,-34,Control,0,57.32039,3309,107,68.6284925,83.52272928040786,2015-01-01,2015,Q1
Newcastle,2015 Q2,-33,Control,0,77.82133,3309,107,68.6284925,113.39507421061306,2015-04-01,2015,Q2
Newcastle,2015 Q3,-32,Control,0,127.34394,3309,107,68.6284925,185.5554965016899,2015-07-01,2015,Q3
Newcastle,2015 Q4,-31,Control,0,81.7121,3309,107,68.6284925,119.06439588484334,2015-10-01,2015,Q4
Newcastle,2016 Q1,-30,Control,0,82.19613,3309,107,68.6284925,119.76968603820053,2016-01-01,2016,Q1
Newcastle,2016 Q2,-29,Control,0,88.6698,3309,107,68.6284925,129.20260488018153,2016-04-01,2016,Q2
Newcastle,2016 Q3,-28,Control,0,66.88852,3309,107,68.6284925,97.46464997755852,2016-07-01,2016,Q3
Newcastle,2016 Q4,-27,Control,0,89.0615,3309,107,68.6284925,129.7733590753141,2016-10-01,2016,Q4
Newcastle,2017 Q1,-26,Control,0,99.23819,3309,107,68.6284925,144.60202517197942,2017-01-01,2017,Q1
Newcastle,2017 Q2,-25,Control,0,68.43987,3309,107,68.6284925,99.72515424260558,2017-04-01,2017,Q2
Newcastle,2017 Q3,-24,Control,0,81.23028,3309,107,68.6284925,118.36232596832868,2017-07-01,2017,Q3
Newcastle,2017 Q4,-23,Control,0,83.16241,3309,107,68.6284925,121.17767266999199,2017-10-01,2017,Q4
Newcastle,2018 Q1,-22,Control,0,86.27722,3309,107,68.6284925,125.71632693228692,2018-01-01,2018,Q1
Newcastle,2018 Q2,-21,Control,0,61.38049,3309,107,68.6284925,89.43878521009333,2018-04-01,2018,Q2
Newcastle,2018 Q3,-20,Control,0,81.26266,3309,107,68.6284925,118.40950753799525,2018-07-01,2018,Q3
Newcastle,2018 Q4,-19,Control,0,71.10644,3309,107,68.6284925,103.61066870294435,2018-10-01,2018,Q4
Newcastle,2019 Q1,-18,Control,0,72.43939,3309,107,68.6284925,105.55293779766474,2019-01-01,2019,Q1
Newcastle,2019 Q2,-17,Control,0,69.08073,3309,107,68.6284925,100.65896464212733,2019-04-01,2019,Q2
Newcastle,2019 Q3,-16,Control,0,68.39573,3309,107,68.6284925,99.66083693299836,2019-07-01,2019,Q3
Newcastle,2019 Q4,-15,Control,0,64.59812,3309,107,68.6284925,94.12726062720962,2019-10-01,2019,Q4
Newcastle,2020 Q1,-14,Control,0,67.86524,3309,107,68.6284925,98.88784894990955,2020-01-01,2020,Q1
Newcastle,2020 Q2,-13,Control,0,28.64329,3309,107,68.6284925,41.73673201403922,2020-04-01,2020,Q2
Newcastle,2020 Q3,-12,Control,0,40.42836,3309,107,68.6284925,58.909001971739364,2020-07-01,2020,Q3
Newcastle,2020 Q4,-11,Control,0,57.48788,3309,107,68.6284925,83.76678243369545,2020-10-01,2020,Q4
Newcastle,2021 Q1,-10,Control,0,25.36007,3309,107,68.6284925,36.95268404737289,2021-01-01,2021,Q1
Newcastle,2021 Q2,-9,Control,0,68.11373,3309,107,68.6284925,99.24992888340074,2021-04-01,2021,Q2
Newcastle,2021 Q3,-8,Control,0,71.83295,3309,107,68.6284925,104.6692814941258,2021-07-01,2021,Q3
Newcastle,2021 Q4,-7,Control,0,68.61185,3309,107,68.6284925,99.9757498680304,2021-10-01,2021,Q4
Newcastle,2022 Q1,-6,Control,0,44.79016,3309,107,68.6284925,65.26467122966456,2022-01-01,2022,Q1
Newcastle,2022 Q2,-5,Control,0,41.75835,3309,107,68.6284925,60.846957989059725,2022-04-01,2022,Q2
Newcastle,2022 Q3,-4,Control,0,53.9707,3309,107,68.6284925,78.64182649793743,2022-07-01,2022,Q3
Newcastle,2022 Q4,-3,Control,0,71.45222,3309,107,68.6284925,104.1145119135467,2022-10-01,2022,Q4
Newcastle,2023 Q1,-2,Control,0,41.49521,3309,107,68.6284925,60.46353123667987,2023-01-01,2023,Q1
Newcastle,2023 Q2,-1,Control,0,49.35141,3309,107,68.6284925,71.91096321983177,2023-04-01,2023,Q2
Newcastle,2023 Q3,0,Control,0,49.3123,3309,107,68.6284925,71.85397522756311,2023-07-01,2023,Q3
Newcastle,2023 Q4,1,Control,0,49.53264,3309,107,68.6284925,72.17503721213168,2023-10-01,2023,Q4
Newcastle,2024 Q1,2,Control,0,50.44854,3309,107,68.6284925,73.50961410087801,2024-01-01,2024,Q1
Newcastle,2024 Q2,3,Control,0,58.23763,3309,107,68.6284925,84.85925871095013,2024-04-01,2024,Q2
Newcastle,2024 Q3,4,Control,0,39.14708,3309,107,68.6284925,57.04202230582291,2024-07-01,2024,Q3
Newcastle,2024 Q4,5,Control,0,47.80317,3309,107,68.6284925,69.65499060029623,2024-10-01,2024,Q4
Newcastle,2015 Q1,-34,Treated,1,24.02709,1671,27,31,77.50674193548387,2015-01-01,2015,Q1
Newcastle,2015 Q2,-33,Treated,1,39.79628,1671,27,31,128.37509677419357,2015-04-01,2015,Q2
Newcastle,2015 Q3,-32,Treated,1,38.94807,1671,27,31,125.63893548387098,2015-07-01,2015,Q3
Newcastle,2015 Q4,-31,Treated,1,43.2656,1671,27,31,139.56645161290322,2015-10-01,2015,Q4
Newcastle,2016 Q1,-30,Treated,1,34.90131,1671,27,31,112.58487096774195,2016-01-01,2016,Q1
Newcastle,2016 Q2,-29,Treated,1,29,1671,27,31,93.54838709677419,2016-04-01,2016,Q2
Newcastle,2016 Q3,-28,Treated,1,31,1671,27,31,100,2016-07-01,2016,Q3
Newcastle,2016 Q4,-27,Treated,1,64,1671,27,31,206.4516129032258,2016-10-01,2016,Q4
Newcastle,2017 Q1,-26,Treated,1,24,1671,27,31,77.41935483870968,2017-01-01,2017,Q1
Newcastle,2017 Q2,-25,Treated,1,36,1671,27,31,116.12903225806451,2017-04-01,2017,Q2
Newcastle,2017 Q3,-24,Treated,1,27,1671,27,31,87.09677419354838,2017-07-01,2017,Q3
Newcastle,2017 Q4,-23,Treated,1,26,1671,27,31,83.87096774193549,2017-10-01,2017,Q4
Newcastle,2018 Q1,-22,Treated,1,32,1671,27,31,103.2258064516129,2018-01-01,2018,Q1
Newcastle,2018 Q2,-21,Treated,1,34,1671,27,31,109.6774193548387,2018-04-01,2018,Q2
Newcastle,2018 Q3,-20,Treated,1,27,1671,27,31,87.09677419354838,2018-07-01,2018,Q3
Newcastle,2018 Q4,-19,Treated,1,34,1671,27,31,109.6774193548387,2018-10-01,2018,Q4
Newcastle,2019 Q1,-18,Treated,1,39,1671,27,31,125.80645161290323,2019-01-01,2019,Q1
Newcastle,2019 Q2,-17,Treated,1,25,1671,27,31,80.64516129032258,2019-04-01,2019,Q2
Newcastle,2019 Q3,-16,Treated,1,26,1671,27,31,83.87096774193549,2019-07-01,2019,Q3
Newcastle,2019 Q4,-15,Treated,1,34,1671,27,31,109.6774193548387,2019-10-01,2019,Q4
Newcastle,2020 Q1,-14,Treated,1,20,1671,27,31,64.51612903225806,2020-01-01,2020,Q1
Newcastle,2020 Q2,-13,Treated,1,5,1671,27,31,16.129032258064516,2020-04-01,2020,Q2
Newcastle,2020 Q3,-12,Treated,1,14,1671,27,31,45.16129032258065,2020-07-01,2020,Q3
Newcastle,2020 Q4,-11,Treated,1,23,1671,27,31,74.19354838709677,2020-10-01,2020,Q4
Newcastle,2021 Q1,-10,Treated,1,6,1671,27,31,19.35483870967742,2021-01-01,2021,Q1
Newcastle,2021 Q2,-9,Treated,1,22,1671,27,31,70.96774193548387,2021-04-01,2021,Q2
Newcastle,2021 Q3,-8,Treated,1,24,1671,27,31,77.41935483870968,2021-07-01,2021,Q3
Newcastle,2021 Q4,-7,Treated,1,32,1671,27,31,103.2258064516129,2021-10-01,2021,Q4
Newcastle,2022 Q1,-6,Treated,1,52,1671,27,31,167.74193548387098,2022-01-01,2022,Q1
Newcastle,2022 Q2,-5,Treated,1,9,1671,27,31,29.032258064516128,2022-04-01,2022,Q2
Newcastle,2022 Q3,-4,Treated,1,16,1671,27,31,51.61290322580645,2022-07-01,2022,Q3
Newcastle,2022 Q4,-3,Treated,1,19,1671,27,31,61.29032258064516,2022-10-01,2022,Q4
Newcastle,2023 Q1,-2,Treated,1,25,1671,27,31,80.64516129032258,2023-01-01,2023,Q1
Newcastle,2023 Q2,-1,Treated,1,23,1671,27,31,74.19354838709677,2023-04-01,2023,Q2
Newcastle,2023 Q3,0,Treated,1,20,1671,27,31,64.51612903225806,2023-07-01,2023,Q3
Newcastle,2023 Q4,1,Treated,1,36,1671,27,31,116.12903225806451,2023-10-01,2023,Q4
Newcastle,2024 Q1,2,Treated,1,18,1671,27,31,58.064516129032256,2024-01-01,2024,Q1
Newcastle,2024 Q2,3,Treated,1,17,1671,27,31,54.83870967741935,2024-04-01,2024,Q2
Newcastle,2024 Q3,4,Treated,1,22,1671,27,31,70.96774193548387,2024-07-01,2024,Q3
Newcastle,2024 Q4,5,Treated,1,27,1671,27,31,87.09677419354838,2024-10-01,2024,Q4
Portsmouth,2015 Q1,-28,Control,0,94.03171,6700,251,96.4533375,97.489327417001,2015-01-01,2015,Q1
Portsmouth,2015 Q2,-27,Control,0,117.86564,6700,251,96.4533375,122.19964913085563,2015-04-01,2015,Q2
Portsmouth,2015 Q3,-26,Control,0,107.07102,6700,251,96.4533375,111.00810275227646,2015-07-01,2015,Q3
Portsmouth,2015 Q4,-25,Control,0,153.89955,6700,251,96.4533375,159.55855337820736,2015-10-01,2015,Q4
Portsmouth,2016 Q1,-24,Control,0,88.78649,6700,251,96.4533375,92.0512366925613,2016-01-01,2016,Q1
Portsmouth,2016 Q2,-23,Control,0,122.31201,6700,251,96.4533375,126.8095155338715,2016-04-01,2016,Q2
Portsmouth,2016 Q3,-22,Control,0,129.18903,6700,251,96.4533375,133.9394087840662,2016-07-01,2016,Q3
Portsmouth,2016 Q4,-21,Control,0,136.1797,6700,251,96.4533375,141.1871310311061,2016-10-01,2016,Q4
Portsmouth,2017 Q1,-20,Control,0,89.90424,6700,251,96.4533375,93.21008720926842,2017-01-01,2017,Q1
Portsmouth,2017 Q2,-19,Control,0,81.26132,6700,251,96.4533375,84.24936047443666,2017-04-01,2017,Q2
Portsmouth,2017 Q3,-18,Control,0,108.28994,6700,251,96.4533375,112.27184336674716,2017-07-01,2017,Q3
Portsmouth,2017 Q4,-17,Control,0,123.7309,6700,251,96.4533375,128.28057919716878,2017-10-01,2017,Q4
Portsmouth,2018 Q1,-16,Control,0,82.53115,6700,251,96.4533375,85.56588308828609,2018-01-01,2018,Q1
Portsmouth,2018 Q2,-15,Control,0,107.71156,6700,251,96.4533375,111.67219589472475,2018-04-01,2018,Q2
Portsmouth,2018 Q3,-14,Control,0,89.24479,6700,251,96.4533375,92.52638873175331,2018-07-01,2018,Q3
Portsmouth,2018 Q4,-13,Control,0,125.84993,6700,251,96.4533375,130.47752754019527,2018-10-01,2018,Q4
Portsmouth,2019 Q1,-12,Control,0,81.5223,6700,251,96.4533375,84.51993690731541,2019-01-01,2019,Q1
Portsmouth,2019 Q2,-11,Control,0,96.51659,6700,251,96.4533375,100.06557834248089,2019-04-01,2019,Q2
Portsmouth,2019 Q3,-10,Control,0,81.08533,6700,251,96.4533375,84.0668991884288,2019-07-01,2019,Q3
Portsmouth,2019 Q4,-9,Control,0,126.68913,6700,251,96.4533375,131.34758556177488,2019-10-01,2019,Q4
Portsmouth,2020 Q1,-8,Control,0,62.695479999999996,6700,251,96.4533375,65.00084043229711,2020-01-01,2020,Q1
Portsmouth,2020 Q2,-7,Control,0,39.42048,6700,251,96.4533375,40.870000999187816,2020-04-01,2020,Q2
Portsmouth,2020 Q3,-6,Control,0,82.32641,6700,251,96.4533375,85.3536146429355,2020-07-01,2020,Q3
Portsmouth,2020 Q4,-5,Control,0,86.99481,6700,251,96.4533375,90.19367525773797,2020-10-01,2020,Q4
Portsmouth,2021 Q1,-4,Control,0,38.2226,6700,251,96.4533375,39.628074041502195,2021-01-01,2021,Q1
Portsmouth,2021 Q2,-3,Control,0,58.83291,6700,251,96.4533375,60.9962407988215,2021-04-01,2021,Q2
Portsmouth,2021 Q3,-2,Control,0,82.31245,6700,251,96.4533375,85.33914132312943,2021-07-01,2021,Q3
Portsmouth,2021 Q4,-1,Control,0,100.50534999999999,6700,251,96.4533375,104.20100807812896,2021-10-01,2021,Q4
Portsmouth,2022 Q1,0,Control,0,66.83979,6700,251,96.4533375,69.297539859623825,2022-01-01,2022,Q1
Portsmouth,2022 Q2,1,Control,0,82.22132,6700,251,96.4533375,85.24466040379372,2022-04-01,2022,Q2
Portsmouth,2022 Q3,2,Control,0,85.99409,6700,251,96.4533375,89.15615802304404,2022-07-01,2022,Q3
Portsmouth,2022 Q4,3,Control,0,104.04861,6700,251,96.4533375,107.87455644030979,2022-10-01,2022,Q4
Portsmouth,2023 Q1,4,Control,0,68.44379,6700,251,96.4533375,70.96052015825788,2023-01-01,2023,Q1
Portsmouth,2023 Q2,5,Control,0,59.94373,6700,251,96.4533375,62.147906494163564,2023-04-01,2023,Q2
Portsmouth,2023 Q3,6,Control,0,104.32276,6700,251,96.4533375,108.15878714409442,2023-07-01,2023,Q3
Portsmouth,2023 Q4,7,Control,0,83.10997,6700,251,96.4533375,86.1659867394428,2023-10-01,2023,Q4
Portsmouth,2024 Q1,8,Control,0,57.04864,6700,251,96.4533375,59.14636183532788,2024-01-01,2024,Q1
Portsmouth,2024 Q2,9,Control,0,70.49483,6700,251,96.4533375,73.08697845732917,2024-04-01,2024,Q2
Portsmouth,2024 Q3,10,Control,0,56.79689,6700,251,96.4533375,58.88535479656159,2024-07-01,2024,Q3
Portsmouth,2024 Q4,11,Control,0,79.3526,6700,251,96.4533375,82.27045538989253,2024-10-01,2024,Q4
Portsmouth,2015 Q1,-28,Treated,1,25.51014,1653,55,19.33445,131.94137924792275,2015-01-01,2015,Q1
Portsmouth,2015 Q2,-27,Treated,1,27.19394,1653,55,19.33445,140.65018658405077,2015-04-01,2015,Q2
Portsmouth,2015 Q3,-26,Treated,1,23.57477,1653,55,19.33445,121.93142292643441,2015-07-01,2015,Q3
Portsmouth,2015 Q4,-25,Treated,1,22.86504,1653,55,19.33445,118.26061770570148,2015-10-01,2015,Q4
Portsmouth,2016 Q1,-24,Treated,1,23.33419,1653,55,19.33445,120.68711548557108,2016-01-01,2016,Q1
Portsmouth,2016 Q2,-23,Treated,1,20.98376,1653,55,19.33445,108.53042108774753,2016-04-01,2016,Q2
Portsmouth,2016 Q3,-22,Treated,1,19.37333,1653,55,19.33445,100.20109183348892,2016-07-01,2016,Q3
Portsmouth,2016 Q4,-21,Treated,1,22.291809999999998,1653,55,19.33445,115.29580619050449,2016-10-01,2016,Q4
Portsmouth,2017 Q1,-20,Treated,1,26.95659,1653,55,19.33445,139.42258507482757,2017-01-01,2017,Q1
Portsmouth,2017 Q2,-19,Treated,1,12.32774,1653,55,19.33445,63.76048969585378,2017-04-01,2017,Q2
Portsmouth,2017 Q3,-18,Treated,1,25.16487,1653,55,19.33445,130.15560308154616,2017-07-01,2017,Q3
Portsmouth,2017 Q4,-17,Treated,1,28.420180000000002,1653,55,19.33445,146.99244095384145,2017-10-01,2017,Q4
Portsmouth,2018 Q1,-16,Treated,1,21.247889999999998,1653,55,19.33445,109.89653183824726,2018-01-01,2018,Q1
Portsmouth,2018 Q2,-15,Treated,1,17.57442,1653,55,19.33445,90.89692233293422,2018-04-01,2018,Q2
Portsmouth,2018 Q3,-14,Treated,1,18.79413,1653,55,19.33445,97.2054027913905,2018-07-01,2018,Q3
Portsmouth,2018 Q4,-13,Treated,1,25.29356,1653,55,19.33445,130.82120256847233,2018-10-01,2018,Q4
Portsmouth,2019 Q1,-12,Treated,1,14.56947,1653,55,19.33445,75.354975186778,2019-01-01,2019,Q1
Portsmouth,2019 Q2,-11,Treated,1,22.48384,1653,55,19.33445,116.28900744525963,2019-04-01,2019,Q2
Portsmouth,2019 Q3,-10,Treated,1,16.95648,1653,55,19.33445,87.7008655534551,2019-07-01,2019,Q3
Portsmouth,2019 Q4,-9,Treated,1,23.32801,1653,55,19.33445,120.65515181450726,2019-10-01,2019,Q4
Portsmouth,2020 Q1,-8,Treated,1,20.61774,1653,55,19.33445,106.63732353389935,2020-01-01,2020,Q1
Portsmouth,2020 Q2,-7,Treated,1,12.43095,1653,55,19.33445,64.29430369107992,2020-04-01,2020,Q2
Portsmouth,2020 Q3,-6,Treated,1,15.27413,1653,55,19.33445,78.99955778416246,2020-07-01,2020,Q3
Portsmouth,2020 Q4,-5,Treated,1,24.58764,1653,55,19.33445,127.1701031061137,2020-10-01,2020,Q4
Portsmouth,2021 Q1,-4,Treated,1,9.02789,1653,55,19.33445,46.69328581883632,2021-01-01,2021,Q1
Portsmouth,2021 Q2,-3,Treated,1,17.42622,1653,55,19.33445,90.13041488120945,2021-04-01,2021,Q2
Portsmouth,2021 Q3,-2,Treated,1,18.37977,1653,55,19.33445,95.06228519559646,2021-07-01,2021,Q3
Portsmouth,2021 Q4,-1,Treated,1,15.18851,1653,55,19.33445,78.55672129282189,2021-10-01,2021,Q4
Portsmouth,2022 Q1,0,Treated,1,18.502959999999998,1653,55,19.33445,95.69943804969884,2022-01-01,2022,Q1
Portsmouth,2022 Q2,1,Treated,1,9.68465,1653,55,19.33445,50.09012410490083,2022-04-01,2022,Q2
Portsmouth,2022 Q3,2,Treated,1,14.83447,1653,55,19.33445,76.72558567737897,2022-07-01,2022,Q3
Portsmouth,2022 Q4,3,Treated,1,20.86092,1653,55,19.33445,107.89507847391573,2022-10-01,2022,Q4
Portsmouth,2023 Q1,4,Treated,1,10.03292,1653,55,19.33445,51.89141661645405,2023-01-01,2023,Q1
Portsmouth,2023 Q2,5,Treated,1,19.77857,1653,55,19.33445,102.29703973994604,2023-04-01,2023,Q2
Portsmouth,2023 Q3,6,Treated,1,17.58039,1653,55,19.33445,90.92779985983569,2023-07-01,2023,Q3
Portsmouth,2023 Q4,7,Treated,1,26.15251,1653,55,19.33445,135.26379079829007,2023-10-01,2023,Q4
Portsmouth,2024 Q1,8,Treated,1,14.96811,1653,55,19.33445,77.41678713384657,2024-01-01,2024,Q1
Portsmouth,2024 Q2,9,Treated,1,20.89386,1653,55,19.33445,108.06544794395495,2024-04-01,2024,Q2
Portsmouth,2024 Q3,10,Treated,1,22.86093,1653,55,19.33445,118.23936031280951,2024-07-01,2024,Q3
Portsmouth,2024 Q4,11,Treated,1,20.35426,1653,55,19.33445,105.27457465818784,2024-10-01,2024,Q4
Sheffield,2015 Q1,-33,Control,0,48.50631,2508,69,35.1090625,138.15894400484206,2015-01-01,2015,Q1
Sheffield,2015 Q2,-32,Control,0,41.90065,2508,69,35.1090625,119.34425762579104,2015-04-01,2015,Q2
Sheffield,2015 Q3,-31,Control,0,51.28263,2508,69,35.1090625,146.0666458980498,2015-07-01,2015,Q3
Sheffield,2015 Q4,-30,Control,0,61.54671,2508,69,35.1090625,175.30149088999454,2015-10-01,2015,Q4
Sheffield,2016 Q1,-29,Control,0,36.77131,2508,69,35.1090625,104.73452545193993,2016-01-01,2016,Q1
Sheffield,2016 Q2,-28,Control,0,50.82943,2508,69,35.1090625,144.77581108866124,2016-04-01,2016,Q2
Sheffield,2016 Q3,-27,Control,0,29.81156,2508,69,35.1090625,84.91129605069916,2016-07-01,2016,Q3
Sheffield,2016 Q4,-26,Control,0,56.768950000000004,2508,69,35.1090625,161.69315258702792,2016-10-01,2016,Q4
Sheffield,2017 Q1,-25,Control,0,44.48723,2508,69,35.1090625,126.71152925259682,2017-01-01,2017,Q1
Sheffield,2017 Q2,-24,Control,0,45.2033,2508,69,35.1090625,128.75108812717514,2017-04-01,2017,Q2
Sheffield,2017 Q3,-23,Control,0,34.55938,2508,69,35.1090625,98.43435722614352,2017-07-01,2017,Q3
Sheffield,2017 Q4,-22,Control,0,28.82556,2508,69,35.1090625,82.10290434271778,2017-10-01,2017,Q4
Sheffield,2018 Q1,-21,Control,0,20.6075,2508,69,35.1090625,58.69567152355606,2018-01-01,2018,Q1
Sheffield,2018 Q2,-20,Control,0,36.42921,2508,69,35.1090625,103.76013315650339,2018-04-01,2018,Q2
Sheffield,2018 Q3,-19,Control,0,36.81982,2508,69,35.1090625,104.87269490605168,2018-07-01,2018,Q3
Sheffield,2018 Q4,-18,Control,0,35.17805,2508,69,35.1090625,100.19649485086649,2018-10-01,2018,Q4
Sheffield,2019 Q1,-17,Control,0,31.99319,2508,69,35.1090625,91.12516177269045,2019-01-01,2019,Q1
Sheffield,2019 Q2,-16,Control,0,37.67217,2508,69,35.1090625,107.30041566903132,2019-04-01,2019,Q2
Sheffield,2019 Q3,-15,Control,0,35.59829,2508,69,35.1090625,101.39345076502683,2019-07-01,2019,Q3
Sheffield,2019 Q4,-14,Control,0,35.1726,2508,69,35.1090625,100.18097179325139,2019-10-01,2019,Q4
Sheffield,2020 Q1,-13,Control,0,29.66716,2508,69,35.1090625,84.50000623058504,2020-01-01,2020,Q1
Sheffield,2020 Q2,-12,Control,0,15.2576,2508,69,35.1090625,43.45772548042261,2020-04-01,2020,Q2
Sheffield,2020 Q3,-11,Control,0,19.447580000000002,2508,69,35.1090625,55.391909140268275,2020-07-01,2020,Q3
Sheffield,2020 Q4,-10,Control,0,28.89481,2508,69,35.1090625,82.3001468637905,2020-10-01,2020,Q4
Sheffield,2021 Q1,-9,Control,0,10.67988,2508,69,35.1090625,30.41915459861681,2021-01-01,2021,Q1
Sheffield,2021 Q2,-8,Control,0,34.19714,2508,69,35.1090625,97.40260082421739,2021-04-01,2021,Q2
Sheffield,2021 Q3,-7,Control,0,32.57403,2508,69,35.1090625,92.77954943969239,2021-07-01,2021,Q3
Sheffield,2021 Q4,-6,Control,0,36.27363,2508,69,35.1090625,103.31699970627241,2021-10-01,2021,Q4
Sheffield,2022 Q1,-5,Control,0,25.39514,2508,69,35.1090625,72.33215070895157,2022-01-01,2022,Q1
Sheffield,2022 Q2,-4,Control,0,37.31563,2508,69,35.1090625,106.28489439158338,2022-04-01,2022,Q2
Sheffield,2022 Q3,-3,Control,0,38.04268,2508,69,35.1090625,108.35572724278809,2022-07-01,2022,Q3
Sheffield,2022 Q4,-2,Control,0,22.57415,2508,69,35.1090625,64.29721670864895,2022-10-01,2022,Q4
Sheffield,2023 Q1,-1,Control,0,39.26691,2508,69,35.1090625,111.84266170593419,2023-01-01,2023,Q1
Sheffield,2023 Q2,0,Control,0,21.24777,2508,69,35.1090625,60.519331725249,2023-04-01,2023,Q2
Sheffield,2023 Q3,1,Control,0,35.17204,2508,69,35.1090625,100.17937676347809,2023-07-01,2023,Q3
Sheffield,2023 Q4,2,Control,0,39.56802,2508,69,35.1090625,112.70030351850038,2023-10-01,2023,Q4
Sheffield,2024 Q1,3,Control,0,22.62435,2508,69,35.1090625,64.4401997347551,2024-01-01,2024,Q1
Sheffield,2024 Q2,4,Control,0,25.32235,2508,69,35.1090625,72.12482532109766,2024-04-01,2024,Q2
Sheffield,2024 Q3,5,Control,0,36.10136,2508,69,35.1090625,102.82632867226232,2024-07-01,2024,Q3
Sheffield,2024 Q4,6,Control,0,40.5878,2508,69,35.1090625,115.60490970102093,2024-10-01,2024,Q4
Sheffield,2015 Q1,-33,Treated,1,32.56062,1824,39,19,171.3716842105263,2015-01-01,2015,Q1
Sheffield,2015 Q2,-32,Treated,1,35.39387,1824,39,19,186.2835263157895,2015-04-01,2015,Q2
Sheffield,2015 Q3,-31,Treated,1,25.66205,1824,39,19,135.06342105263158,2015-07-01,2015,Q3
Sheffield,2015 Q4,-30,Treated,1,46.289880000000004,1824,39,19,243.63094736842106,2015-10-01,2015,Q4
Sheffield,2016 Q1,-29,Treated,1,30,1824,39,19,157.89473684210526,2016-01-01,2016,Q1
Sheffield,2016 Q2,-28,Treated,1,31,1824,39,19,163.1578947368421,2016-04-01,2016,Q2
Sheffield,2016 Q3,-27,Treated,1,31,1824,39,19,163.1578947368421,2016-07-01,2016,Q3
Sheffield,2016 Q4,-26,Treated,1,35,1824,39,19,184.21052631578948,2016-10-01,2016,Q4
Sheffield,2017 Q1,-25,Treated,1,31,1824,39,19,163.1578947368421,2017-01-01,2017,Q1
Sheffield,2017 Q2,-24,Treated,1,18,1824,39,19,94.73684210526316,2017-04-01,2017,Q2
Sheffield,2017 Q3,-23,Treated,1,28,1824,39,19,147.3684210526316,2017-07-01,2017,Q3
Sheffield,2017 Q4,-22,Treated,1,26,1824,39,19,136.8421052631579,2017-10-01,2017,Q4
Sheffield,2018 Q1,-21,Treated,1,23,1824,39,19,121.05263157894737,2018-01-01,2018,Q1
Sheffield,2018 Q2,-20,Treated,1,27,1824,39,19,142.10526315789474,2018-04-01,2018,Q2
Sheffield,2018 Q3,-19,Treated,1,37,1824,39,19,194.73684210526315,2018-07-01,2018,Q3
Sheffield,2018 Q4,-18,Treated,1,26,1824,39,19,136.8421052631579,2018-10-01,2018,Q4
Sheffield,2019 Q1,-17,Treated,1,18,1824,39,19,94.73684210526316,2019-01-01,2019,Q1
Sheffield,2019 Q2,-16,Treated,1,15,1824,39,19,78.94736842105263,2019-04-01,2019,Q2
Sheffield,2019 Q3,-15,Treated,1,16,1824,39,19,84.21052631578948,2019-07-01,2019,Q3
Sheffield,2019 Q4,-14,Treated,1,27,1824,39,19,142.10526315789474,2019-10-01,2019,Q4
Sheffield,2020 Q1,-13,Treated,1,16,1824,39,19,84.21052631578948,2020-01-01,2020,Q1
Sheffield,2020 Q2,-12,Treated,1,9,1824,39,19,47.36842105263158,2020-04-01,2020,Q2
Sheffield,2020 Q3,-11,Treated,1,14,1824,39,19,73.6842105263158,2020-07-01,2020,Q3
Sheffield,2020 Q4,-10,Treated,1,14,1824,39,19,73.6842105263158,2020-10-01,2020,Q4
Sheffield,2021 Q1,-9,Treated,1,4,1824,39,19,21.05263157894737,2021-01-01,2021,Q1
Sheffield,2021 Q2,-8,Treated,1,12,1824,39,19,63.1578947368421,2021-04-01,2021,Q2
Sheffield,2021 Q3,-7,Treated,1,17,1824,39,19,89.47368421052632,2021-07-01,2021,Q3
Sheffield,2021 Q4,-6,Treated,1,33,1824,39,19,173.68421052631578,2021-10-01,2021,Q4
Sheffield,2022 Q1,-5,Treated,1,28,1824,39,19,147.3684210526316,2022-01-01,2022,Q1
Sheffield,2022 Q2,-4,Treated,1,13,1824,39,19,68.42105263157895,2022-04-01,2022,Q2
Sheffield,2022 Q3,-3,Treated,1,15,1824,39,19,78.94736842105263,2022-07-01,2022,Q3
Sheffield,2022 Q4,-2,Treated,1,24,1824,39,19,126.3157894736842,2022-10-01,2022,Q4
Sheffield,2023 Q1,-1,Treated,1,21,1824,39,19,110.52631578947368,2023-01-01,2023,Q1
Sheffield,2023 Q2,0,Treated,1,15,1824,39,19,78.94736842105263,2023-04-01,2023,Q2
Sheffield,2023 Q3,1,Treated,1,20,1824,39,19,105.26315789473684,2023-07-01,2023,Q3
Sheffield,2023 Q4,2,Treated,1,28,1824,39,19,147.3684210526316,2023-10-01,2023,Q4
Sheffield,2024 Q1,3,Treated,1,15,1824,39,19,78.94736842105263,2024-01-01,2024,Q1
Sheffield,2024 Q2,4,Treated,1,12,1824,39,19,63.1578947368421,2024-04-01,2024,Q2
Sheffield,2024 Q3,5,Treated,1,20,1824,39,19,105.26315789473684,2024-07-01,2024,Q3
Sheffield,2024 Q4,6,Treated,1,21,1824,39,19,110.52631578947368,2024-10-01,2024,Q4
