scheme,balance_group,n_variables,mean_abs_smd_before,mean_abs_smd_after,max_abs_smd_after,n_imbalanced_0_10,n_imbalanced_0_05,worst_variable,all_balanced_0_10,all_balanced_0_05
Bath,Road/network covariates,9,0.7787,0.3265,0.6824,6,7,% A road,FALSE,FALSE
Bath,Socio-demographic covariates,13,1.3182,0.5409,0.9918,11,13,% Active travel to work,FALSE,FALSE
Bath,Overall pre-treatment trend,1,0.1121,0.0104,0.0104,0,0,Trend: total injuries/km,TRUE,TRUE
Bath,Within-pre-period trend shape,2,0.1994,0.0252,0.0373,0,0,Mid - early injuries/km,TRUE,TRUE
Bath,Pre-COVID injury level,1,0.302,0.078,0.078,0,1,Level: pre-COVID injuries/km (log),TRUE,FALSE
Bath,Lockdown injury level,1,0.0853,0.0237,0.0237,0,0,Level: lockdown injuries/km (log),TRUE,TRUE
Bath,Recovery injury level,1,0.042,0.0304,0.0304,0,0,Level: recovery injuries/km (log),TRUE,TRUE
Bath,COVID response change,1,0.2095,0.085,0.085,0,1,COVID - pre-COVID injuries/km,TRUE,FALSE
Bath,Recovery response change,1,0.0946,0.0341,0.0341,0,0,Recovery - COVID injuries/km,TRUE,TRUE
Bath,Overall pre-treatment injury level,1,0.302,0.078,0.078,0,1,Level: mean total injuries/km (log),TRUE,FALSE
Bath,Zero-quarter share,1,0.0079,0.0104,0.0104,0,0,Zero-injury quarter share (log),TRUE,TRUE
Birmingham,Road/network covariates,9,0.6704,0.1591,0.673,5,6,Retail density (log),FALSE,FALSE
Birmingham,Socio-demographic covariates,13,1.3537,0.4443,0.7009,12,12,% 2+ car household,FALSE,FALSE
Birmingham,Overall pre-treatment trend,1,0.0573,0.0504,0.0504,0,1,Trend: total injuries/km,TRUE,FALSE
Birmingham,Within-pre-period trend shape,2,0.1135,0.0649,0.1242,1,1,Recent - mid injuries/km,FALSE,FALSE
Birmingham,Pre-COVID injury level,1,1.2772,0.1251,0.1251,1,1,Level: pre-COVID injuries/km (log),FALSE,FALSE
Birmingham,Lockdown injury level,1,0.4723,0.0774,0.0774,0,1,Level: lockdown injuries/km (log),TRUE,FALSE
Birmingham,Recovery injury level,1,0.6628,0.0588,0.0588,0,1,Level: recovery injuries/km (log),TRUE,FALSE
Birmingham,COVID response change,1,0.405,0.0681,0.0681,0,1,COVID - pre-COVID injuries/km,TRUE,FALSE
Birmingham,Recovery response change,1,0.2171,0.047,0.047,0,0,Recovery - COVID injuries/km,TRUE,TRUE
Birmingham,Overall pre-treatment injury level,1,1.2772,0.1251,0.1251,1,1,Level: mean total injuries/km (log),FALSE,FALSE
Birmingham,Zero-quarter share,1,0.6106,0.0585,0.0585,0,1,Zero-injury quarter share (log),TRUE,FALSE
Bradford,Road/network covariates,9,0.5091,0.2892,0.7736,8,9,Retail density (log),FALSE,FALSE
Bradford,Socio-demographic covariates,13,0.7803,0.4299,1.1344,11,11,% Ethnic minority,FALSE,FALSE
Bradford,Overall pre-treatment trend,1,0.0487,0.0181,0.0181,0,0,Trend: total injuries/km,TRUE,TRUE
Bradford,Within-pre-period trend shape,2,0.0801,0.0266,0.0297,0,0,Recent - mid injuries/km,TRUE,TRUE
Bradford,Pre-COVID injury level,1,0.3507,0.0171,0.0171,0,0,Level: pre-COVID injuries/km (log),TRUE,TRUE
Bradford,Lockdown injury level,1,0.092,0.001,0.001,0,0,Level: lockdown injuries/km (log),TRUE,TRUE
Bradford,Recovery injury level,1,0.4503,0.0765,0.0765,0,1,Level: recovery injuries/km (log),TRUE,FALSE
Bradford,COVID response change,1,0.1862,0.003,0.003,0,0,COVID - pre-COVID injuries/km,TRUE,TRUE
Bradford,Recovery response change,1,0.3056,0.0769,0.0769,0,1,Recovery - COVID injuries/km,TRUE,FALSE
Bradford,Overall pre-treatment injury level,1,0.3507,0.0171,0.0171,0,0,Level: mean total injuries/km (log),TRUE,TRUE
Bradford,Zero-quarter share,1,0.3764,0.0601,0.0601,0,1,Zero-injury quarter share (log),TRUE,FALSE
Bristol,Road/network covariates,9,0.861,0.2577,0.7606,7,9,Dist. to BUA centroid (log),FALSE,FALSE
Bristol,Socio-demographic covariates,13,1.1986,0.3968,0.9295,11,12,% Active travel to work,FALSE,FALSE
Bristol,Overall pre-treatment trend,1,0.0159,0.0068,0.0068,0,0,Trend: total injuries/km,TRUE,TRUE
Bristol,Within-pre-period trend shape,2,0.2263,0.1754,0.2576,1,2,Recent - mid injuries/km,FALSE,FALSE
Bristol,Pre-COVID injury level,1,1.3382,0.1725,0.1725,1,1,Level: pre-COVID injuries/km (log),FALSE,FALSE
Bristol,Lockdown injury level,1,0.4843,0.1348,0.1348,1,1,Level: lockdown injuries/km (log),FALSE,FALSE
Bristol,Recovery injury level,1,0.5941,0.0871,0.0871,0,1,Level: recovery injuries/km (log),TRUE,FALSE
Bristol,COVID response change,1,0.6347,0.058,0.058,0,1,COVID - pre-COVID injuries/km,TRUE,FALSE
Bristol,Recovery response change,1,0.2774,0.029,0.029,0,0,Recovery - COVID injuries/km,TRUE,TRUE
Bristol,Overall pre-treatment injury level,1,1.3382,0.1725,0.1725,1,1,Level: mean total injuries/km (log),FALSE,FALSE
Bristol,Zero-quarter share,1,0.6736,0.0259,0.0259,0,0,Zero-injury quarter share (log),TRUE,TRUE
Newcastle,Road/network covariates,9,0.7412,0.2498,0.8044,6,7,Dist. to BUA centroid (log),FALSE,FALSE
Newcastle,Socio-demographic covariates,13,1.5308,0.4455,0.9091,11,13,% 2+ car household,FALSE,FALSE
Newcastle,Overall pre-treatment trend,1,0.1915,0.0622,0.0622,0,1,Trend: total injuries/km,TRUE,FALSE
Newcastle,Within-pre-period trend shape,2,0.1304,0.1104,0.1363,1,2,Mid - early injuries/km,FALSE,FALSE
Newcastle,Pre-COVID injury level,1,1.1777,0.0034,0.0034,0,0,Level: pre-COVID injuries/km (log),TRUE,TRUE
Newcastle,Lockdown injury level,1,0.5273,0.1024,0.1024,1,1,Level: lockdown injuries/km (log),FALSE,FALSE
Newcastle,Recovery injury level,1,0.7005,0.1533,0.1533,1,1,Level: recovery injuries/km (log),FALSE,FALSE
Newcastle,COVID response change,1,0.5756,0.058,0.058,0,1,COVID - pre-COVID injuries/km,TRUE,FALSE
Newcastle,Recovery response change,1,0.0913,0.2003,0.2003,1,1,Recovery - COVID injuries/km,FALSE,FALSE
Newcastle,Overall pre-treatment injury level,1,1.1777,0.0034,0.0034,0,0,Level: mean total injuries/km (log),TRUE,TRUE
Newcastle,Zero-quarter share,1,1.0982,0.0031,0.0031,0,0,Zero-injury quarter share (log),TRUE,TRUE
Portsmouth,Road/network covariates,9,0.593,0.2585,0.5467,7,9,Pop. density (log),FALSE,FALSE
Portsmouth,Socio-demographic covariates,13,0.9082,0.3637,0.8029,10,12,% Active travel to work,FALSE,FALSE
Portsmouth,Overall pre-treatment trend,1,0.0184,0.0387,0.0387,0,0,Trend: total injuries/km,TRUE,TRUE
Portsmouth,Within-pre-period trend shape,2,0.095,0.1532,0.1837,2,2,Mid - early injuries/km,FALSE,FALSE
Portsmouth,Pre-COVID injury level,1,0.7651,0.0495,0.0495,0,0,Level: pre-COVID injuries/km (log),TRUE,TRUE
Portsmouth,Lockdown injury level,1,0.527,0.0346,0.0346,0,0,Level: lockdown injuries/km (log),TRUE,TRUE
Portsmouth,Recovery injury level,1,0.3804,0.0748,0.0748,0,1,Level: recovery injuries/km (log),TRUE,FALSE
Portsmouth,COVID response change,1,0.1289,0.0261,0.0261,0,0,COVID - pre-COVID injuries/km,TRUE,TRUE
Portsmouth,Recovery response change,1,0.2247,0.0014,0.0014,0,0,Recovery - COVID injuries/km,TRUE,TRUE
Portsmouth,Overall pre-treatment injury level,1,0.7651,0.0495,0.0495,0,0,Level: mean total injuries/km (log),TRUE,TRUE
Portsmouth,Zero-quarter share,1,0.4288,0.1242,0.1242,1,1,Zero-injury quarter share (log),FALSE,FALSE
Sheffield,Road/network covariates,9,0.7942,0.2441,0.7181,6,6,Retail density (log),FALSE,FALSE
Sheffield,Socio-demographic covariates,13,1.8142,0.6114,1.1326,11,13,% Aged 20-34,FALSE,FALSE
Sheffield,Overall pre-treatment trend,1,0.1522,0.2065,0.2065,1,1,Trend: total injuries/km,FALSE,FALSE
Sheffield,Within-pre-period trend shape,2,0.1597,0.0282,0.0316,0,0,Recent - mid injuries/km,TRUE,TRUE
Sheffield,Pre-COVID injury level,1,0.7744,0.117,0.117,1,1,Level: pre-COVID injuries/km (log),FALSE,FALSE
Sheffield,Lockdown injury level,1,0.3315,0.1818,0.1818,1,1,Level: lockdown injuries/km (log),FALSE,FALSE
Sheffield,Recovery injury level,1,0.6446,0.0636,0.0636,0,1,Level: recovery injuries/km (log),TRUE,FALSE
Sheffield,COVID response change,1,0.2197,0.2263,0.2263,1,1,COVID - pre-COVID injuries/km,FALSE,FALSE
Sheffield,Recovery response change,1,0.4152,0.0111,0.0111,0,0,Recovery - COVID injuries/km,TRUE,TRUE
Sheffield,Overall pre-treatment injury level,1,0.7744,0.117,0.117,1,1,Level: mean total injuries/km (log),FALSE,FALSE
Sheffield,Zero-quarter share,1,0.7051,0.1397,0.1397,1,1,Zero-injury quarter share (log),FALSE,FALSE
