group3,quarter_year,n_roads,mean_injuries,total_injuries,pct_zero,baseline_mean,index_2019q2_2020q1
CAZ roads,2021 Q1,1359,7.358351729212656e-4,1,99.92641648270786,NA,NA
CAZ roads,2021 Q2,5121,0.00934066783831283,47.83356,99.21890255809413,NA,NA
CAZ roads,2021 Q3,5121,0.015049476664713924,77.06837,98.88693614528412,NA,NA
CAZ roads,2021 Q4,5121,0.015573161491896114,79.75016,98.86740870923649,NA,NA
CAZ roads,2022 Q1,5121,0.014102931068150752,72.22111,99.02362819761765,NA,NA
CAZ roads,2022 Q2,5121,0.01107661003710213,56.72332,99.10173794180824,NA,NA
CAZ roads,2022 Q3,15335,0.011457128790348875,175.69507,99.15878708835996,NA,NA
CAZ roads,2022 Q4,18540,0.013395909385113269,248.36016,98.9967637540453,NA,NA
CAZ roads,2023 Q1,20346,0.011372475179396442,231.38438,99.10547527769586,NA,NA
CAZ roads,2023 Q2,22004,0.011648287129612798,256.30891,99.12743137611344,NA,NA
CAZ roads,2023 Q3,23518,0.010781043030869972,253.54857,99.12407517646058,NA,NA
CAZ roads,2023 Q4,23518,0.011313934858406328,266.08112,99.0177736202058,NA,NA
CAZ roads,2024 Q1,23518,0.010996095756441875,258.60618,99.11982311421039,NA,NA
CAZ roads,2024 Q2,25731,0.011638565932144107,299.47194,99.12945474330574,NA,NA
CAZ roads,2024 Q3,25731,0.011193540476468073,288.02099,99.07893202751545,NA,NA
CAZ roads,2024 Q4,25731,0.013312984337958104,342.5564,99.02063658621896,NA,NA
Non-CAZ roads,2015 Q1,1850405,0.006495135227152988,12018.6307,99.49443500206712,0.005501126791161936,118.06917880147788
Non-CAZ roads,2015 Q2,1850405,0.006691446753548525,12381.88653,99.48405889521483,0.005501126791161936,121.63774818458914
Non-CAZ roads,2015 Q3,1850405,0.007179512301361052,13285.00546,99.45660544583484,0.005501126791161936,130.5098495983695
Non-CAZ roads,2015 Q4,1850405,0.007389951302552676,13674.40284,99.43423196543459,0.005501126791161936,134.33522954652327
Non-CAZ roads,2016 Q1,1850405,0.0066900491784231105,12379.30045,99.47881679956551,0.005501126791161936,121.61234293256588
Non-CAZ roads,2016 Q2,1850405,0.0065663586890437435,12150.42295,99.49956901327008,0.005501126791161936,119.3638855878254
Non-CAZ roads,2016 Q3,1850405,0.006704554365125459,12406.14092,99.48686909082066,0.005501126791161936,121.87601958015111
Non-CAZ roads,2016 Q4,1850405,0.0069233489857626,12810.99958,99.46298242817113,0.005501126791161936,125.85328876414184
Non-CAZ roads,2017 Q1,1850405,0.006149826778462026,11379.67022,99.51961867807317,0.005501126791161936,111.79212935688533
Non-CAZ roads,2017 Q2,1850405,0.0058632048443448895,10849.30356,99.54534277631113,0.005501126791161936,106.58188889164789
Non-CAZ roads,2017 Q3,1850405,0.006306980342141321,11670.46796,99.51778124248474,0.005501126791161936,114.64888161229192
Non-CAZ roads,2017 Q4,1850405,0.006557343257286905,12133.74075,99.48994949754243,0.005501126791161936,119.20000222176078
Non-CAZ roads,2018 Q1,1850405,0.005548851899989475,10267.6233,99.56647328557801,0.005501126791161936,100.86755151515894
Non-CAZ roads,2018 Q2,1850405,0.00588901356189592,10897.06014,99.54031684955456,0.005501126791161936,107.05104218570565
Non-CAZ roads,2018 Q3,1850405,0.005844328365952326,10814.37443,99.54285683404443,0.005501126791161936,106.2387504927495
Non-CAZ roads,2018 Q4,1850405,0.0062069068285051125,11485.29143,99.51086383791656,0.005501126791161936,112.82973587296837
Non-CAZ roads,2019 Q1,1850405,0.005354226501765828,9907.48749,99.575336210181,0.005501126791161936,97.32963272847816
Non-CAZ roads,2019 Q2,1850405,0.0053915913489209185,9976.62759,99.58252382586514,0.005501126791161936,98.0088544329319
Non-CAZ roads,2019 Q3,1850405,0.005588812249210313,10341.56613,99.56971581896936,0.005501126791161936,101.5939545001808
Non-CAZ roads,2019 Q4,1850405,0.006186777943207032,11448.04484,99.51783528470794,0.005501126791161936,112.46383110359604
Non-CAZ roads,2020 Q1,1850405,0.004837325623309479,8951.01152,99.61711084870609,0.005501126791161936,87.93335996329125
Non-CAZ roads,2020 Q2,1850405,0.00261549769374812,4839.73001,99.78815448509921,0.005501126791161936,47.54476297383577
Non-CAZ roads,2020 Q3,1850405,0.004456878099659266,8247.02952,99.64823916926294,0.005501126791161936,81.01754911047767
Non-CAZ roads,2020 Q4,1850405,0.004538169616921703,8397.45175,99.6357554157063,0.005501126791161936,82.49527395392319
Non-CAZ roads,2021 Q1,1849046,0.0032826657097768295,6069.7999,99.73402500532707,0.005501126791161936,59.67260589322778
Non-CAZ roads,2021 Q2,1845284,0.005030881436136665,9283.40502,99.60537239796152,0.005501126791161936,91.45183572607773
Non-CAZ roads,2021 Q3,1845284,0.005131121193268897,9468.37584,99.5951842643192,0.005501126791161936,93.27400345530144
Non-CAZ roads,2021 Q4,1845284,0.005410947436817307,9984.73473,99.57247773242493,0.005501126791161936,98.36071121848146
Non-CAZ roads,2022 Q1,1845284,0.004963737646887962,9159.50566,99.60938262077815,0.005501126791161936,90.23128961256921
Non-CAZ roads,2022 Q2,1845284,0.004903744811096832,9048.80184,99.61214642298964,0.005501126791161936,89.14073420331171
Non-CAZ roads,2022 Q3,1835070,0.005069670851793127,9303.20089,99.6064455306882,0.005501126791161936,92.15695337068068
Non-CAZ roads,2022 Q4,1831865,0.005103223414389151,9348.41636,99.59238262644901,0.005501126791161936,92.76687500800648
Non-CAZ roads,2023 Q1,1830059,0.004627112885431559,8467.88958,99.6318697921761,0.005501126791161936,84.11209305092622
Non-CAZ roads,2023 Q2,1828401,0.004865074116673524,8895.30638,99.62076152878936,0.005501126791161936,88.43777468444667
Non-CAZ roads,2023 Q3,1826887,0.004767866167967699,8710.35272,99.62608524774657,0.005501126791161936,86.67071945383466
Non-CAZ roads,2023 Q4,1826887,0.005075208477590564,9271.83239,99.60074158938129,0.005501126791161936,92.2576168530482
Non-CAZ roads,2024 Q1,1826887,0.004483482388346956,8190.81569,99.64239714881107,0.005501126791161936,81.50116437145351
Non-CAZ roads,2024 Q2,1824674,0.004759942554121992,8685.34342,99.62459047479166,0.005501126791161936,86.52668325640623
Non-CAZ roads,2024 Q3,1824674,0.004637807213781754,8462.48624,99.63083816616009,0.005501126791161936,84.3064955571069
Non-CAZ roads,2024 Q4,1824674,0.005099007515863101,9304.02644,99.5948865386365,0.005501126791161936,92.69023800824085
Matched CAZ roads,2015 Q1,21809,0.01792524875051584,390.93175,98.5969095327617,0.013711238823421523,130.73398386071398
Matched CAZ roads,2015 Q2,21809,0.01721110046311156,375.35689,98.6840295290935,0.013711238823421523,125.52549543307187
Matched CAZ roads,2015 Q3,21809,0.01704303911229309,371.69164,98.71154110688248,0.013711238823421523,124.29977576628737
Matched CAZ roads,2015 Q4,21809,0.019050916135540375,415.48143,98.56939795497271,0.013711238823421523,138.9437991773407
Matched CAZ roads,2016 Q1,21809,0.01790701545233619,390.5341,98.63359163648036,0.013711238823421523,130.60100318395334
Matched CAZ roads,2016 Q2,21809,0.014811572745196937,323.02559,98.85368425879224,0.013711238823421523,108.02505109819708
Matched CAZ roads,2016 Q3,21809,0.017741736897611077,386.92954,98.63817689944518,0.013711238823421523,129.3955792477676
Matched CAZ roads,2016 Q4,21809,0.01890740290705672,412.35155,98.64734742537485,0.013711238823421523,137.89711601229726
Matched CAZ roads,2017 Q1,21809,0.01441355403732404,314.3452,98.87202531065157,0.013711238823421523,105.12218642638491
Matched CAZ roads,2017 Q2,21809,0.015554025402356826,339.21774,98.90412215140539,0.013711238823421523,113.43997141810014
Matched CAZ roads,2017 Q3,21809,0.0154045371177037,335.95755,98.79866110321427,0.013711238823421523,112.34971045351269
Matched CAZ roads,2017 Q4,21809,0.016919223714980055,368.99135,98.73905268467146,0.013711238823421523,123.39675453744307
Matched CAZ roads,2018 Q1,21809,0.014348699619423174,312.93079,98.92246320326471,0.013711238823421523,104.64918454277625
Matched CAZ roads,2018 Q2,21809,0.015091910679077445,329.13948,98.83992846989776,0.013711238823421523,110.06963610973985
Matched CAZ roads,2018 Q3,21809,0.015353634737952222,334.84742,98.83075794396808,0.013711238823421523,111.97846478850008
Matched CAZ roads,2018 Q4,21809,0.0185049021046357,403.57341,98.56939795497271,0.013711238823421523,134.9615621385403
Matched CAZ roads,2019 Q1,21809,0.014172514099683618,309.08836,98.85826952175707,0.013711238823421523,103.36421298033366
Matched CAZ roads,2019 Q2,21809,0.014129997707368518,308.16112,98.92246320326471,0.013711238823421523,103.05412872855567
Matched CAZ roads,2019 Q3,21809,0.012880794167545508,280.91724,98.97748635884268,0.013711238823421523,93.94332877888867
Matched CAZ roads,2019 Q4,21809,0.015364083635196478,335.0753,98.79866110321427,0.013711238823421523,112.05467159503901
Matched CAZ roads,2020 Q1,21809,0.012470079783575588,271.95997,99.01875372552615,0.013711238823421523,90.94787089751667
Matched CAZ roads,2020 Q2,21809,0.004379805584850291,95.51918,99.62400843688386,0.013711238823421523,31.943179177717422
Matched CAZ roads,2020 Q3,21809,0.009287565225365675,202.55251,99.24801687376771,0.013711238823421523,67.73687881142196
Matched CAZ roads,2020 Q4,21809,0.009470167820624513,206.53489,99.23426108487322,0.013711238823421523,69.06865194739065
Matched CAZ roads,2021 Q1,21809,0.007189552478334632,156.79695,99.4085010775368,0.013711238823421523,52.43546969697185
Matched CAZ roads,2021 Q2,21809,0.012696524370672658,276.8985,99.06460635517446,0.013711238823421523,92.59939626304568
Matched CAZ roads,2021 Q3,21809,0.015564086386354257,339.43716,98.79866110321427,0.013711238823421523,113.51334906199506
Matched CAZ roads,2021 Q4,21809,0.015687460222843782,342.12782,98.79407584024943,0.013711238823421523,114.41314986102115
Matched CAZ roads,2022 Q1,21809,0.0159368710165528,347.56722,98.79866110321427,0.013711238823421523,116.23217436289895
Matched CAZ roads,2022 Q2,21809,0.011623294052913935,253.49242,99.10587372185795,0.013711238823421523,84.77201952794402
Matched CAZ roads,2022 Q3,21809,0.01245521894630657,271.63587,99.03709477738548,0.013711238823421523,90.83948654610683
Matched CAZ roads,2022 Q4,21809,0.014568642762162411,317.72753,98.8766105736164,0.013711238823421523,106.25329300862495
Matched CAZ roads,2023 Q1,21809,0.012606372139942226,274.93237,99.00499793663167,0.013711238823421523,91.94189016974917
Matched CAZ roads,2023 Q2,21809,0.013309986244211106,290.27749,98.98665688477234,0.013711238823421523,97.07354977637033
Matched CAZ roads,2023 Q3,21809,0.011572764913567794,252.39043,99.05085056627998,0.013711238823421523,84.40349601233122
Matched CAZ roads,2023 Q4,21809,0.012749622632857994,278.05652,98.93163372919437,0.013711238823421523,92.98665712888833
Matched CAZ roads,2024 Q1,21809,0.01224017744967674,266.94603,99.03709477738548,0.013711238823421523,89.27112719215482
Matched CAZ roads,2024 Q2,21809,0.012779254436241918,278.70276,99.0829474070338,0.013711238823421523,93.20277037558715
Matched CAZ roads,2024 Q3,21809,0.012726616992984547,277.55479,98.96373056994818,0.013711238823421523,92.81887039444572
Matched CAZ roads,2024 Q4,21809,0.015349486909074235,334.75696,98.86744004768674,0.013711238823421523,111.94821348202511
Matched controls,2015 Q1,91838,0.013334188979128461,1526.89798,98.95904287835123,0.010528013841585887,126.65436405923138
Matched controls,2015 Q2,91838,0.012725936162780543,1457.24695,98.97825517422059,0.010528013841585887,120.87689429617592
Matched controls,2015 Q3,91838,0.0137146032660903,1570.45922,98.93983058248187,0.010528013841585887,130.26771689753403
Matched controls,2015 Q4,91838,0.014885700637498908,1704.56158,98.87171426076326,0.010528013841585887,141.3913475179911
Matched controls,2016 Q1,91838,0.012756513230285564,1460.74833,98.98873460833116,0.010528013841585887,121.16732958591919
Matched controls,2016 Q2,91838,0.013398746310365908,1534.29044,98.96602916775828,0.010528013841585887,127.26755978834834
Matched controls,2016 Q3,91838,0.013162878438564318,1507.28121,98.98786132215527,0.010528013841585887,125.0271764135668
Matched controls,2016 Q4,91838,0.014556695397781852,1666.88719,98.85861496812505,0.010528013841585887,138.26630185726563
Matched controls,2017 Q1,91838,0.012788219631473233,1464.37903,98.97825517422059,0.010528013841585887,121.46849181523187
Matched controls,2017 Q2,91838,0.011707415072919395,1340.6161,99.08741594620557,0.010528013841585887,111.20250456619698
Matched controls,2017 Q3,91838,0.01203550109160772,1378.18523,99.07344336739149,0.010528013841585887,114.31881903562119
Matched controls,2017 Q4,91838,0.013414351410357175,1536.07738,98.95205658894419,0.010528013841585887,127.41578432743117
Matched controls,2018 Q1,91838,0.011237343638110207,1286.78822,99.11798096236136,0.010528013841585887,106.73754620004821
Matched controls,2018 Q2,91838,0.011665585887695399,1335.82624,99.04462492358745,0.010528013841585887,110.80519139912296
Matched controls,2018 Q3,91838,0.010604377783599687,1214.3073,99.12758711029605,0.010528013841585887,100.72534044087368
Matched controls,2018 Q4,91838,0.012149063225919134,1391.18923,99.04025849270806,0.010528013841585887,115.39748530658335
Matched controls,2019 Q1,91838,0.009483702296742643,1085.97875,99.2210287311152,0.010528013841585887,90.08064046498315
Matched controls,2019 Q2,91838,0.010484919657671819,1200.62815,99.13719325823072,0.010528013841585887,99.59067128365803
Matched controls,2019 Q3,91838,0.010103061217360928,1156.90154,99.2035630075976,0.010528013841585887,95.96360120133592
Matched controls,2019 Q4,91838,0.011631403982184964,1331.91207,99.04549820976334,0.010528013841585887,110.48051567182276
Matched controls,2020 Q1,91838,0.009892670509125841,1132.8097,99.19395685966292,0.010528013841585887,93.96521184318333
Matched controls,2020 Q2,91838,0.004392951357960004,503.03686,99.63409309230636,0.010528013841585887,41.72630682349361
Matched controls,2020 Q3,91838,0.007480329403545541,856.57252,99.37385381189415,0.010528013841585887,71.05166763742345
Matched controls,2020 Q4,91838,0.008076073792681862,924.79121,99.31796349663784,0.010528013841585887,76.71032650794201
Matched controls,2021 Q1,91838,0.005266118242948214,603.0232,99.55899048118069,0.010528013841585887,50.02005432541255
Matched controls,2021 Q2,91838,0.011924360230547552,1365.45849,99.07693651209502,0.010528013841585887,113.26315115056238
Matched controls,2021 Q3,91838,0.012011327394987338,1375.4171,99.07955637062265,0.010528013841585887,114.0892059577499
Matched controls,2021 Q4,91838,0.014033776089424502,1607.0076999999999,98.94507029953716,0.010528013841585887,133.2993696682918
Matched controls,2022 Q1,91838,0.008792671906383722,1006.84886,99.28652519430618,0.010528013841585887,83.51691058433524
Matched controls,2022 Q2,91838,0.008588399790411318,983.45766,99.28565190813029,0.010528013841585887,81.57663847749657
Matched controls,2022 Q3,91838,0.010309783774342851,1180.57334,99.1991965767182,0.010528013841585887,97.92714874308939
Matched controls,2022 Q4,91838,0.009706233953366518,1111.46085,99.21404244170814,0.010528013841585887,92.19435022992351
Matched controls,2023 Q1,91838,0.008515043576980175,975.05764,99.30311763164788,0.010528013841585887,80.8798668495815
Matched controls,2023 Q2,91838,0.00960387974849358,1099.74027,99.24286088551219,0.010528013841585887,91.22214211533465
Matched controls,2023 Q3,91838,0.009053460309143306,1036.71174,99.25246703344686,0.010528013841585887,85.99400081886232
Matched controls,2023 Q4,91838,0.009966374639769453,1141.24956,99.18522399790412,0.010528013841585887,94.66528815152249
Matched controls,2024 Q1,91838,0.008104089861147499,927.99933,99.34852851279365,0.010528013841585887,76.97643623088872
Matched controls,2024 Q2,91838,0.008592902453934155,983.97326,99.29875120076849,0.010528013841585887,81.6194068817805
Matched controls,2024 Q3,91838,0.008581442494105317,982.66098,99.29700462841673,0.010528013841585887,81.51055482287104
Matched controls,2024 Q4,91838,0.008734889791284605,1000.23223,99.26119989520565,0.010528013841585887,82.96806902724232
