term,estimate,se,event_time,ci_lo,ci_hi,irr,irr_lo,irr_hi,pct_change,pct_lo,pct_hi,scheme
event_time_ref::-25:treat_group,0.11648348077735929,0.6215627780773664,-25,-1.1017795642542787,1.3347465258089974,1.123538950323839,0.3322792449799496,3.7990328675839087,12.35389503238391,-66.77207550200504,279.9032867583909,Bath
event_time_ref::-24:treat_group,0.2799616774767867,0.61586352512107,-24,-0.9271308317605106,1.4870541867140838,1.3230791076360617,0.39568737690847583,4.4240438973314635,32.30791076360617,-60.43126230915241,342.40438973314633,Bath
event_time_ref::-23:treat_group,-0.3963777910850015,0.6044134182818742,-23,-1.581028090917475,0.788272508747472,0.6727524880292792,0.2057634458947444,2.1995933640278604,-32.72475119707208,-79.423655410525555,119.95933640278605,Bath
event_time_ref::-22:treat_group,0.8454211433265264,0.604158237498166,-22,-0.338729002169879,2.0295712888229316,2.32895843336718,0.7126755564515505,7.610822814463749,132.895843336718,-28.732444354844954,661.08228144637485,Bath
event_time_ref::-21:treat_group,-0.7215676247446211,0.7953450722163402,-21,-2.2804439662886478,0.8373087167994057,0.48598980885064563,0.10223880605482183,2.310141358458753,-51.401019114935444,-89.77611939451782,131.0141358458753,Bath
event_time_ref::-20:treat_group,0.27838640378499885,0.8875263926221162,-20,-1.4611653257543489,2.0179381333243467,1.3209965366659349,0.2319658014430738,7.52279792550213,32.09965366659348,-76.80341985569262,652.279792550213,Bath
event_time_ref::-19:treat_group,0.28412533200248696,0.6105197956601633,-19,-0.9124934674914331,1.4807441314964072,1.3285994363461973,0.40152179325015364,4.3962158267202796,32.859943634619725,-59.84782067498464,339.62158267202796,Bath
event_time_ref::-18:treat_group,0.5589017638684438,0.5133905522461018,-18,-0.44734371853391564,1.5651472462708034,1.7487509038782023,0.6393241229545819,4.783379218794287,74.87509038782024,-36.067587704541815,378.3379218794287,Bath
event_time_ref::-17:treat_group,-0.11271276376072313,0.751613102976824,-17,-1.5858744455952982,1.3604489180738522,0.8934072422008074,0.20476865575619305,3.8979427660412918,-10.659275779919264,-79.52313442438069,289.79427660412915,Bath
event_time_ref::-16:treat_group,-0.7533903064736004,0.7423036047903873,-16,-2.2083053718627594,0.7015247589155585,0.47076779702663357,0.10988670792739004,2.0168255369316483,-52.92322029733665,-89.01132920726099,101.68255369316483,Bath
event_time_ref::-15:treat_group,-0.019427253551467877,0.6583376545831835,-15,-1.3097690565345075,1.2709145494315717,0.9807602394178943,0.2698823767595324,3.5641106276461256,-1.9239760582105747,-73.01176232404676,256.41106276461255,Bath
event_time_ref::-14:treat_group,-0.42416559690737166,0.5346847498050988,-14,-1.4721477065253654,0.6238165127106221,0.6543155203103247,0.2294322026245407,1.8660362199442058,-34.56844796896753,-77.05677973754594,86.60362199442058,Bath
event_time_ref::-13:treat_group,0.26848784533540593,0.6257823771147402,-13,-0.9580456138094847,1.4950213044802965,1.3079850788140301,0.3836419382742181,4.459431557707562,30.798507881403015,-61.63580617257819,345.9431557707562,Bath
event_time_ref::-12:treat_group,0.37284180884079754,0.6754648076334605,-12,-0.9510692141207849,1.69675283180238,1.45185465109564,0.3863277354771807,5.456201391557996,45.18546510956401,-61.36722645228193,445.62013915579956,Bath
event_time_ref::-11:treat_group,0.5671662133937471,0.7553321343980881,-11,-0.9132847700265055,2.0476171968139996,1.76326325314391,0.40120419371249993,7.7494137614015095,76.32632531439101,-59.879580628750006,674.941376140151,Bath
event_time_ref::-10:treat_group,-0.3523517567881921,0.5292663135235781,-10,-1.389713731294405,0.685010217718021,0.7030327819237567,0.2491466173035269,1.9837921052619485,-29.69672180762433,-75.08533826964731,98.37921052619485,Bath
event_time_ref::-9:treat_group,-0.7911379406707575,0.748776239445182,-9,-2.2587393699833145,0.6764634886417993,0.4533286405640134,0.1044821150592269,1.9669094202306534,-54.667135943598666,-89.55178849407731,96.69094202306535,Bath
event_time_ref::-8:treat_group,0.264625568908607,0.6711723245736416,-8,-1.0508721872557305,1.5801233250729445,1.3029430220537763,0.34963267092807293,4.855554585938204,30.294302205377633,-65.0367329071927,385.55545859382045,Bath
event_time_ref::-7:treat_group,0.16864685761179818,0.5656791286157881,-7,-0.9400842344751464,1.2773779496987427,1.1837020497370438,0.3905949324136327,3.587221508209141,18.370204973704386,-60.94050675863674,258.7221508209141,Bath
event_time_ref::-6:treat_group,0.9374331850614769,0.5467631542754351,-6,-0.13422259731837582,2.0090889674413295,2.553418845840059,0.8743954048664467,7.45652111848303,155.3418845840059,-12.560459513355326,645.652111848303,Bath
event_time_ref::-5:treat_group,-0.18753480239963163,0.5498420602640027,-5,-1.265225240517077,0.8901556357178136,0.8290002664797803,0.2821757315744478,2.435508673935088,-17.09997335202197,-71.78242684255522,143.5508673935088,Bath
event_time_ref::0:treat_group,-2.075036415844137,1.134063649514636,0,-4.297801168892823,0.14772833720454948,0.1255518553331533,0.013598426806920713,1.1591979426307297,-87.44481446668468,-98.64015731930793,15.919794263072973,Bath
event_time_ref::1:treat_group,0.5966203615568948,0.6783131342184456,1,-0.7328733815112587,1.9261141046250483,1.8159710920121608,0.480526269201635,6.862790274718699,81.59710920121609,-51.9473730798365,586.2790274718699,Bath
event_time_ref::2:treat_group,-0.47945723423502595,0.6623176385287478,2,-1.7775998057513718,0.8186853372813198,0.6191193374087864,0.16904339772512472,2.2675168572793303,-38.088066259121355,-83.09566022748753,126.75168572793302,Bath
event_time_ref::3:treat_group,0.34215908924116606,0.5861051627513607,3,-0.8066070297515009,1.4909252082338331,1.4079842748472975,0.44637001996297043,4.441202655997654,40.79842748472975,-55.362998003702955,344.1202655997654,Bath
event_time_ref::4:treat_group,-0.480674643290787,0.7325029620427737,4,-1.9163804488946234,0.9550311623130493,0.6183660745283874,0.14713857504184072,2.598751564767523,-38.16339254716126,-85.28614249581594,159.8751564767523,Bath
event_time_ref::5:treat_group,-0.9433984584654997,0.5594940195673155,5,-2.040006736817438,0.15320981988643867,0.3893025561133501,0.13002783490168965,1.1655695129506356,-61.069744388664994,-86.99721650983103,16.55695129506356,Bath
event_time_ref::6:treat_group,-1.0252894491860793,0.7606027089611133,6,-2.516070758749861,0.4654918603777025,0.35869262708975475,0.0807763738750252,1.592797430194247,-64.13073729102452,-91.92236261249748,59.27974301942469,Bath
event_time_ref::7:treat_group,-1.26612982071188,0.9293082263811153,7,-3.087573944418866,0.555314302995106,0.2819205964087178,0.04561247868987713,1.7424885680919184,-71.80794035912822,-95.43875213101228,74.24885680919185,Bath
event_time_ref::8:treat_group,-13.752638987399385,0.4929162582622859,8,-14.718754853593465,-12.786523121205304,1.0648900672189297e-6,4.052527649236666e-7,2.798231013859054e-6,-99.99989351099327,-99.99995947472351,-99.9997201768986,Bath
event_time_ref::9:treat_group,-0.453744194591996,0.6302477803655224,9,-1.68902984410842,0.781541454924428,0.6352452116241604,0.18469862355950503,2.1848374996764144,-36.475478837583964,-81.53013764404949,118.48374996764144,Bath
event_time_ref::10:treat_group,-0.8363217749989876,0.9495159545301914,10,-2.697373045878163,1.0247294958801874,0.43330137583250017,0.06738229063049564,2.7863416417216045,-56.669862416749986,-93.26177093695044,178.63416417216044,Bath
event_time_ref::11:treat_group,-1.0771559751479958,0.7714989565504239,11,-2.5892939299868267,0.43498197969083496,0.3405627184677889,0.07507302819047294,1.5449352184902152,-65.94372815322112,-92.4926971809527,54.49352184902152,Bath
event_time_ref::12:treat_group,0.11224875367539008,0.7003641456347371,12,-1.2604649717686949,1.4849624791194749,1.1187911294388595,0.2835221660434418,4.414799762496494,11.87911294388595,-71.64778339565582,341.4799762496494,Bath
event_time_ref::13:treat_group,0.6592374448139919,0.717021498221295,13,-0.7461246916997464,2.0645995813277302,1.9333175108622203,0.4742006703538186,7.88214110920097,93.33175108622203,-52.57993296461814,688.214110920097,Bath
event_time_ref::14:treat_group,-2.2401240733336256,0.7837331110520354,14,-3.776240970995615,-0.7040071756716364,0.10644529653710914,0.022908644032078044,0.49459938087157473,-89.3554703462891,-97.7091355967922,-50.540061912842525,Bath
event_time_ref::-26:treat_group,0.24438427167138888,0.2581029814146193,-26,-0.2614975719012649,0.7502661152440426,1.276834887706184,0.7698977448098119,2.1175634575555207,27.683488770618393,-23.01022551901881,111.75634575555206,Birmingham
event_time_ref::-25:treat_group,0.15140045040896427,0.2986390066601562,-25,-0.43393200264494186,0.7367329034628705,1.163462473831002,0.6479563133029239,2.0890990645848015,16.3462473831002,-35.204368669707605,108.90990645848015,Birmingham
event_time_ref::-24:treat_group,0.20372164208108057,0.2725722471370076,-24,-0.3305199623074544,0.7379632464696155,1.2259568511585421,0.7185500173561635,2.091670954838473,22.595685115854213,-28.14499826438365,109.16709548384729,Birmingham
event_time_ref::-23:treat_group,-0.3026621444399481,0.2725266284695195,-23,-0.8368143362402064,0.2314900473603102,0.7388486783407947,0.43308800092341737,1.2604767814439397,-26.115132165920528,-56.691199907658266,26.04767814439397,Birmingham
event_time_ref::-22:treat_group,0.0551453125144165,0.2993390036123349,-22,-0.53155913456576,0.6418497595945929,1.0566941544041477,0.5876879703729696,1.8999921595183535,5.669415440414771,-41.23120296270304,89.99921595183535,Birmingham
event_time_ref::-21:treat_group,0.06487643309341874,0.2642805567487426,-21,-0.45311345813411685,0.5828663243209543,1.0670271669914921,0.6356460103247138,1.7911651400380433,6.702716699149214,-36.43539896752862,79.11651400380433,Birmingham
event_time_ref::-20:treat_group,0.1546269910755455,0.28929112870671075,-20,-0.41238362118960753,0.7216376033406986,1.1672224954862527,0.6620702431547537,2.0578003135699046,16.722249548625268,-33.79297568452463,105.78003135699046,Birmingham
event_time_ref::-19:treat_group,-0.05766926340386795,0.30363580790140576,-19,-0.6527954468906232,0.5374569200828874,0.9439620986254194,0.5205884633876929,1.7116484638225877,-5.6037901374580645,-47.94115366123071,71.16484638225877,Birmingham
event_time_ref::-18:treat_group,-0.34169410529180766,0.2806432479922097,-18,-0.8917548713565386,0.20836666077292332,0.71056552970356,0.4099357366870058,1.2316646898935886,-28.943447029644,-59.00642633129942,23.166468989358858,Birmingham
event_time_ref::-17:treat_group,0.3484361083425017,0.26517227059648885,-17,-0.1713015420266164,0.8681737587116198,1.4168500151355854,0.8425674656602969,2.3825557563114717,41.68500151355854,-15.743253433970306,138.25557563114717,Birmingham
event_time_ref::-16:treat_group,-0.06650368463810019,0.3026403222460158,-16,-0.6596787162402911,0.5266713469640907,0.9356594682834536,0.5170174171100507,1.6932865540236293,-6.434053171654641,-48.29825828899493,69.32865540236293,Birmingham
event_time_ref::-15:treat_group,0.217866345921297,0.28360571810600066,-15,-0.3380008615664643,0.7737335534090584,1.2434208682421122,0.7131946734334044,2.16784492814126,24.34208682421122,-28.68053265665956,116.784492814126,Birmingham
event_time_ref::-14:treat_group,-0.030116962557812654,0.28312617951125824,-14,-0.5850442743998787,0.5248103492842535,0.9703320343943915,0.557081196830491,1.6901382820473343,-2.966796560560847,-44.2918803169509,69.01382820473343,Birmingham
event_time_ref::-13:treat_group,0.06268843995235843,0.2711197728669572,-13,-0.46870631486687775,0.5940831947715945,1.0646950711040655,0.6258113476594854,1.8113695104328609,6.469507110406547,-37.41886523405146,81.13695104328609,Birmingham
event_time_ref::-12:treat_group,-0.25967067277934364,0.2678928635113923,-12,-0.7847406852616725,0.26539933970298524,0.7713055558966387,0.45623799568376655,1.3039515914614355,-22.869444410336126,-54.376200431623346,30.39515914614355,Birmingham
event_time_ref::-11:treat_group,0.22641640327357704,0.27295778027799783,-11,-0.30858084607129865,0.7614136526184527,1.254097766983771,0.7344885692835245,2.1413011378623232,25.409776698377094,-26.551143071647555,114.13011378623233,Birmingham
event_time_ref::-10:treat_group,0.35788454810316994,0.2559448186304375,-10,-0.14376729641248753,0.8595363926188274,1.4303004800437351,0.8660892666907064,2.36206536888525,43.03004800437351,-13.391073330929359,136.20653688852502,Birmingham
event_time_ref::-9:treat_group,0.005297103996123084,0.2855889951201908,-9,-0.5544573264394509,0.565051534431697,1.005311158456517,0.57438387958031345,1.759538457199807,0.5311158456517084,-42.56161204196866,75.95384571998069,Birmingham
event_time_ref::-8:treat_group,0.11990888980425154,0.2948423479266621,-8,-0.4579821121320061,0.6977998917405092,1.1273941298000942,0.6325587912343182,2.0093271036950773,12.739412980009423,-36.744120876568175,100.93271036950773,Birmingham
event_time_ref::-7:treat_group,-0.009570472190252907,0.26309225497335,-7,-0.5252312919380189,0.5060903475575131,0.9904751790280724,0.5914185582018366,1.6587931958940776,-0.9524820971927639,-40.858144179816335,65.87931958940776,Birmingham
event_time_ref::-6:treat_group,0.27577138567860493,0.3320404025431814,-6,-0.3750278033060306,0.9265705746632404,1.3175466195678776,0.6872701701424655,2.5258321547331204,31.754661956787757,-31.27298298575345,152.58321547331204,Birmingham
event_time_ref::-5:treat_group,-1.355058668258516,0.3404419275031265,-5,-2.022324846164644,-0.687792490352388,0.2579321615771853,0.13234741974866127,0.5026845260921847,-74.20678384228148,-86.76525802513387,-49.73154739078153,Birmingham
event_time_ref::0:treat_group,0.21860019407304956,0.28323434270793957,0,-0.33653911763451205,0.7737395057806111,1.244333685241691,0.7142379437308471,2.167857831998145,24.433368524169108,-28.576205626915286,116.78578319981452,Birmingham
event_time_ref::1:treat_group,0.05362461666152038,0.2574375007899334,1,-0.450952884886749,0.5582021182097898,1.0550884651776715,0.6370208547806696,1.7475278258107585,5.508846517767152,-36.29791452193304,74.75278258107585,Birmingham
event_time_ref::2:treat_group,0.32698130088089866,0.3062658262168341,2,-0.27329971850409623,0.9272623202658936,1.3867755454567614,0.7608647082186649,2.5275799924790374,38.67755454567614,-23.91352917813351,152.75799924790374,Birmingham
event_time_ref::3:treat_group,0.023701945424940266,0.2574480843890309,3,-0.4808962999775603,0.5283001908274408,1.0239850689678636,0.6182290247426564,1.6960469009127925,2.3985068967863565,-38.17709752573436,69.60469009127925,Birmingham
event_time_ref::4:treat_group,0.35859310240960485,0.29627685719894153,4,-0.2221095377003206,0.9392957425195303,1.4313142847337905,0.8008276387122177,2.558179166964542,43.13142847337905,-19.917236128778228,155.8179166964542,Birmingham
event_time_ref::5:treat_group,0.21851770651090446,0.26513433708425604,5,-0.3011455941742374,0.7381810071960464,1.2442310474227303,0.7399700295780923,2.092126488221893,24.423104742273026,-26.002997042190767,109.21264882218931,Birmingham
event_time_ref::6:treat_group,0.14380562316246037,0.2887902936350603,6,-0.42222335236225783,0.7098345986871786,1.154659647619881,0.6555875960015779,2.033654861643323,15.465964761988094,-34.44124039984221,103.36548616433232,Birmingham
event_time_ref::7:treat_group,-0.07857000346924206,0.27268806483724517,7,-0.6130386105502426,0.4558986036117585,0.9244373438452382,0.5417023432736162,1.5775903746903028,-7.5562656154761765,-45.82976567263838,57.75903746903028,Birmingham
event_time_ref::8:treat_group,-0.43329957365167376,0.2971356056068521,8,-1.0156853606411038,0.14908621333775635,0.6483662292695361,0.36215413856509276,1.1607730590151428,-35.163377073046384,-63.78458614349072,16.077305901514283,Birmingham
event_time_ref::9:treat_group,-0.5593540859552153,0.3515058849898723,9,-1.248305620535365,0.12959744862493439,0.5715781349869474,0.2869906562033176,1.138370038652779,-42.84218650130526,-71.30093437966825,13.837003865277907,Birmingham
event_time_ref::10:treat_group,0.2610694660068205,0.2672514388541657,10,-0.26274335414734423,0.7848822861609852,1.2983178512579399,0.7689392170504312,2.1921488792845394,29.831785125793985,-23.106078294956877,119.21488792845393,Birmingham
event_time_ref::11:treat_group,0.26783091089308503,0.2928054810945106,11,-0.30606783205215576,0.8417296538383259,1.3071261005428132,0.7363366705346104,2.3203769567523547,30.71261005428132,-26.36633294653896,132.03769567523545,Birmingham
event_time_ref::12:treat_group,0.29152485167745723,0.2525042280042166,12,-0.20338343521080732,0.7864331385657217,1.33846689622473,0.8159653116040215,2.195551216224805,33.846689622472994,-18.40346883959785,119.55512162248053,Birmingham
event_time_ref::13:treat_group,0.5952207414944743,0.2895096217536982,13,0.027781882857225826,1.1626596001317229,1.8134312002953306,1.0281713981543268,3.1984285150392404,81.34312002953305,2.8171398154326788,219.84285150392404,Birmingham
event_time_ref::-31:treat_group,-0.224852135095454,0.18765472576547304,-31,-0.5926553975957811,0.14295112740487315,0.7986343000136639,0.552857277985309,1.1536734172743648,-20.136569998633615,-44.71427220146909,15.367341727436479,Bradford
event_time_ref::-30:treat_group,-0.11208643687705555,0.1755615713925912,-30,-0.4561871168065343,0.23201424305242319,0.8939669824465447,0.6336952509724885,1.261137691150658,-10.603301755345528,-36.63047490275115,26.1137691150658,Bradford
event_time_ref::-29:treat_group,-0.5984636334693334,0.17417083895456176,-29,-0.9398384778202744,-0.25708878911839234,0.5496554599687594,0.3906909355138498,0.7732995501318931,-45.03445400312406,-60.93090644861502,-22.670044986810687,Bradford
event_time_ref::-28:treat_group,-0.2571827716215122,0.16542517081728517,-28,-0.5814161064233911,0.06705056318036673,0.7732268769195689,0.5591060520253235,1.0693495465216507,-22.677312308043106,-44.08939479746765,6.934954652165071,Bradford
event_time_ref::-27:treat_group,-0.37806668107914254,0.17336814296825115,-27,-0.7178682412969148,-0.038265120861370294,0.6851848102799836,0.48779100110148615,0.9624577394381675,-31.481518972001645,-51.22089988985139,-3.754226056183252,Bradford
event_time_ref::-26:treat_group,-0.7495123387339531,0.19641876403857605,-26,-1.1344931162495622,-0.364531561218344,0.472596963788868,0.32158508628338006,0.6945219156887238,-52.74030362111319,-67.841491371662,-30.54780843112762,Bradford
event_time_ref::-25:treat_group,-0.3122412253670148,0.18313453563887375,-25,-0.6711849152192073,0.04670246448517773,0.7318049770106899,0.511102605588664,1.0478102019472357,-26.81950229893101,-48.88973944113359,4.781020194723573,Bradford
event_time_ref::-24:treat_group,-0.5466581941675968,0.16990222983832787,-24,-0.8796665646507194,-0.21364982368447416,0.5788810898049191,0.4149212380267786,0.8076311488111958,-42.111891019508086,-58.50787619732214,-19.23688511888042,Bradford
event_time_ref::-23:treat_group,-0.4195575384206885,0.19889582359042893,-23,-0.8093933526579291,-0.029721724183447817,0.6573376021138874,0.44512802006152435,0.9707156226496655,-34.266239788611266,-55.48719799384756,-2.928437735033451,Bradford
event_time_ref::-22:treat_group,-0.46330868126905694,0.2075980449042079,-22,-0.8702008492813045,-0.056416513256809464,0.6291983807741035,0.4188674115798491,0.9451453883117014,-37.08016192258965,-58.11325884201509,-5.485461168829864,Bradford
event_time_ref::-21:treat_group,-0.2628250440262466,0.1766568700375474,-21,-0.6090725092998395,0.08342242124734628,0.7688764050644937,0.5438550557305645,1.087000883849053,-23.112359493550628,-45.61449442694355,8.700088384905303,Bradford
event_time_ref::-20:treat_group,-0.5011837422076866,0.19400309961062484,-20,-0.8814298174445112,-0.12093766697086189,0.6058131085520618,0.41419027162328576,0.886089190494833,-39.41868914479382,-58.58097283767143,-11.391080950516697,Bradford
event_time_ref::-19:treat_group,-0.5878988807086868,0.2079480711050663,-19,-0.9954771000746168,-0.18032066134275687,0.5554932169385501,0.3695470915334419,0.8350024154819119,-44.45067830614499,-63.04529084665581,-16.49975845180881,Bradford
event_time_ref::-18:treat_group,-0.5527488968756208,0.18598580170286383,-18,-0.917281068213234,-0.18821672553800767,0.5753660126949183,0.39960406155284484,0.8284351447230481,-42.463398730508175,-60.03959384471551,-17.156485527695185,Bradford
event_time_ref::-17:treat_group,-0.39961658190260174,0.1849700935183475,-17,-0.7621579651985628,-0.03707519860664066,0.6705771081503225,0.46665830727076096,0.9636036709710666,-32.942289184967755,-53.3341692729239,-3.6396329028933416,Bradford
event_time_ref::-16:treat_group,-0.28130621907133146,0.20269985462639872,-16,-0.6785979341390729,0.11598549599641,0.754797166800424,0.5073278009389265,1.1229795843152133,-24.520283319957603,-49.26721990610735,12.297958431521327,Bradford
event_time_ref::-15:treat_group,-0.525717162946067,0.2111608456201299,-15,-0.9395924203615216,-0.11184190553061235,0.59113127486775785,0.39078707976061955,0.8941856121262537,-40.88687251322421,-60.921292023938044,-10.58143878737463,Bradford
event_time_ref::-14:treat_group,-0.36164496402237006,0.17402700537122617,-14,-0.7027378945499734,-0.020552033494766753,0.6965296170215242,0.49522756511536437,0.979657720133437,-30.347038297847583,-50.477243488463564,-2.0342279866563007,Bradford
event_time_ref::-13:treat_group,-0.652655621142749,0.20251435486218963,-13,-1.0495837566726407,-0.25572748561285735,0.5206612601482329,0.35008343868326663,0.7743529623645214,-47.93387398517671,-64.99165613167334,-22.564703763547854,Bradford
event_time_ref::-12:treat_group,-0.4063999841545162,0.24141030685139311,-12,-0.8795641855832468,0.06676421727421428,0.6660437072094079,0.41496371945076954,1.0690433864926856,-33.395629279059214,-58.50362805492304,6.90433864926856,Bradford
event_time_ref::-11:treat_group,-0.25589559862946043,0.21042942561232764,-11,-0.6683372728296226,0.15654607557070171,0.7742227944938661,0.5125601172848887,1.1694646448286257,-22.57772055061339,-48.74398827151113,16.946464482862567,Bradford
event_time_ref::-10:treat_group,-0.3773662247403387,0.2315834284044306,-10,-0.8312697444130227,0.07653729493234529,0.685664920452073,0.43549596653811895,1.0795424510490763,-31.433507954792706,-56.450403346188104,7.954245104907631,Bradford
event_time_ref::-9:treat_group,-0.5946057587523047,0.24313417804751,-9,-1.0711487477254242,-0.11806276977918512,0.5517800574512391,0.34261471339856303,0.8886402711103467,-44.82199425487609,-65.73852866014369,-11.135972888965329,Bradford
event_time_ref::-8:treat_group,-0.5784753453947427,0.2161135221658661,-8,-1.0020578488398402,-0.1548928419496451,0.5607526692812564,0.3671231792934219,0.8565069541815452,-43.92473307187436,-63.2876820706578,-14.349304581845479,Bradford
event_time_ref::-7:treat_group,-0.13085982810974162,0.23047631903605986,-7,-0.5825934134204189,0.3208737572009357,0.877340744282908,0.5584481998811445,1.378331565475024,-12.265925571709202,-44.155180011885555,37.83315654750239,Bradford
event_time_ref::-6:treat_group,0.43800427836537525,0.21243976981015822,-6,0.02162232953746518,0.8543862271932854,1.5496115372096724,1.021857786082217,2.3499316137325197,54.96115372096724,2.185778608221689,134.99316137325198,Bradford
event_time_ref::-5:treat_group,0.6106081694422876,0.21379548911012708,-5,0.1915690107864385,1.0296473280981366,1.841551033348258,1.2111484125604635,2.8000781516581768,84.15510333482581,21.114841256046347,180.00781516581768,Bradford
event_time_ref::0:treat_group,-0.06972527845362175,0.16580460084338927,0,-0.39470229610666474,0.25525173919942123,0.9326500037659882,0.6738806262757022,1.2907865215416137,-6.734999623401183,-32.61193737242978,29.078652154161368,Bradford
event_time_ref::1:treat_group,0.016041138574230507,0.17936991725259832,1,-0.3355238992408622,0.3676061763893232,1.016170488351298,0.7149634194245892,1.4442731380958846,1.6170488351298085,-28.50365805754108,44.42731380958846,Bradford
event_time_ref::2:treat_group,-0.04666532946074148,0.20830987299994924,2,-0.454952680540642,0.361622021619159,0.9544067559711624,0.6344779903933796,1.4356561923899678,-4.559324402883758,-36.55220096066204,43.565619238996774,Bradford
event_time_ref::3:treat_group,0.15008475537975674,0.194425433478395,3,-0.23098909423789743,0.5311586049974109,1.161932718603861,0.7937481224162329,1.700901840816183,16.193271860386105,-20.625187758376708,70.09018408161829,Bradford
event_time_ref::4:treat_group,-0.18208638765356577,0.17518360354181628,4,-0.5254462505955257,0.16127347528839414,0.8335293306623491,0.591291441325467,1.1750062600550952,-16.647066933765085,-40.8708558674533,17.500626005509524,Bradford
event_time_ref::5:treat_group,0.03948203584084187,0.21675845240857264,5,-0.3853645308799605,0.4643286025616442,1.0402718111087208,0.6802026361399894,1.5909456733782823,4.02718111087208,-31.979736386001058,59.09456733782823,Bradford
event_time_ref::6:treat_group,0.005996479022158829,0.18601865772965653,6,-0.35860009012796795,0.3705930481722856,1.006014493893088,0.6986536940012719,1.448593445669413,0.6014493893087947,-30.134630599872814,44.859344566941296,Bradford
event_time_ref::7:treat_group,-0.14003008729360505,0.18634987916508283,7,-0.5052758504571674,0.22521567586995728,0.8693320791558167,0.6033391210974629,1.2525928411118128,-13.066792084418333,-39.666087890253706,25.25928411118128,Bradford
event_time_ref::8:treat_group,0.09696530206201581,0.1794775996301106,8,-0.25481079321300093,0.44874139733703255,1.1018221420013825,0.7750631312934261,1.5663395452426827,10.182214200138251,-22.493686870657392,56.63395452426827,Bradford
event_time_ref::-32:treat_group,0.4890089219066362,0.3184995562006233,-32,-0.13525020824658546,1.113268052059858,1.6306992685032722,0.8734973281086046,3.044291057025973,63.06992685032722,-12.65026718913954,204.42910570259733,Bristol
event_time_ref::-31:treat_group,-0.12945544671364115,0.30216915551505297,-31,-0.721706991523145,0.46279609809586264,0.8785737308912968,0.4859220827360855,1.5885094092986165,-12.142626910870325,-51.40779172639145,58.85094092986165,Bristol
event_time_ref::-30:treat_group,-0.14656260987152014,0.3156142090502271,-30,-0.7651664596099652,0.4720412398669249,0.8636716562704976,0.46525647811622495,1.6032635007366522,-13.632834372950242,-53.47435218837751,60.326350073665225,Bristol
event_time_ref::-29:treat_group,-0.26959626157533895,0.32342552097888583,-29,-0.9035102826939552,0.3643177595432772,0.7636877621969179,0.4051449872646039,1.439531566383248,-23.631223780308208,-59.48550127353961,43.9531566383248,Bristol
event_time_ref::-28:treat_group,-0.35224384706892103,0.40467823324774876,-28,-1.1454131842345086,0.44092549009666654,0.703108650087275,0.3180924598445901,1.5541448988419266,-29.689134991272503,-68.19075401554099,55.41448988419266,Bristol
event_time_ref::-27:treat_group,0.06502595885365223,0.29065753565617847,-27,-0.5046628110324576,0.6347147287397621,1.0671867269686923,0.603709105160987,1.8864839050496864,6.718672696869232,-39.6290894839013,88.64839050496865,Bristol
event_time_ref::-26:treat_group,0.03049766068682166,0.30977287278033117,-26,-0.5766571699626274,0.6376524913362708,1.0309674782901515,0.5617731434274271,1.8920340954840689,3.096747829015145,-43.82268565725729,89.20340954840688,Bristol
event_time_ref::-25:treat_group,-0.04915494921930135,0.3512371637908441,-25,-0.7375797902493557,0.6392698918107531,0.9520336014058166,0.4782700297266631,1.8950967484283499,-4.796639859418339,-52.17299702733369,89.50967484283498,Bristol
event_time_ref::-24:treat_group,-0.01836140906420227,0.3597466456485063,-24,-0.7234648345352745,0.68674201640687,0.9818061345941975,0.48506865831134677,1.987230610368732,-1.8193865405802478,-51.49313416886532,98.7230610368732,Bristol
event_time_ref::-23:treat_group,-0.1579089166057191,0.44100276775979697,-23,-1.0222743414149211,0.706456508203483,0.8539275570467847,0.35977575607190676,2.0267965819746605,-14.60724429532153,-64.02242439280931,102.67965819746605,Bristol
event_time_ref::-22:treat_group,-0.3086953334987069,0.46715535503283284,-22,-1.2243198293630593,0.6069291623656454,0.7344044843901898,0.293957573651947,1.8347884015773788,-26.55955156098102,-70.60424263480529,83.47884015773788,Bristol
event_time_ref::-21:treat_group,0.045866604788872646,0.3360968280089632,-21,-0.6128831781086952,0.7046163876864404,1.0469347455603761,0.5417865479353217,2.023070461307242,4.693474556037613,-45.82134520646783,102.30704613072419,Bristol
event_time_ref::-20:treat_group,-0.07651502805141594,0.34876910416560963,-20,-0.7601024722160108,0.6070724161131789,0.9263389931142012,0.4676185066500743,1.8350512607191647,-7.36610068857988,-53.23814933499257,83.50512607191646,Bristol
event_time_ref::-19:treat_group,0.1532671583455756,0.32595754529593973,-19,-0.48560963043446626,0.7921439471256174,1.1656363468265825,0.6153219634031818,2.2081254592775603,16.563634682658247,-38.46780365968182,120.81254592775603,Bristol
event_time_ref::-18:treat_group,-0.03380629608289078,0.23443924451332604,-18,-0.4933072153290098,0.42569462316322826,0.966758751458757,0.61060365344587475,1.5306532776992985,-3.3241248541242996,-38.939634655412526,53.06532776992985,Bristol
event_time_ref::-17:treat_group,0.21889566031486005,0.3751794172665905,-17,-0.5164559975276573,0.9542473181573774,1.2447013981599293,0.5966312682517956,2.596715346684515,24.47013981599293,-40.33687317482044,159.6715346684515,Bristol
event_time_ref::-16:treat_group,0.28607052003639016,0.31321395800249135,-16,-0.32782883764849285,0.8999698777212732,1.3311863272505642,0.7204863292863708,2.4595290234223293,33.118632725056415,-27.95136707136292,145.95290234223293,Bristol
event_time_ref::-15:treat_group,0.5994774050078516,0.3301488676213167,-15,-0.04761437552992909,1.2465691855456322,1.8211668190023445,0.9535014096666306,3.478388756441069,82.11668190023444,-4.649859033336945,247.8388756441069,Bristol
event_time_ref::-14:treat_group,0.31321171935237824,0.2923500172975773,-14,-0.2597943145508733,0.8862177532556298,1.3678110924523148,0.771210196206659,2.4259367858957264,36.78110924523148,-22.878980379334102,142.59367858957265,Bristol
event_time_ref::-13:treat_group,0.054031803298843606,0.33733273926868196,-13,-0.6071403656677731,0.7152039722654603,1.0555181705810976,0.5449068776215258,2.044603682173924,5.551817058109765,-45.509312237847425,104.4603682173924,Bristol
event_time_ref::-12:treat_group,0.2772219192289388,0.34674652240232684,-12,-0.4024012646796218,0.9568451031374994,1.3194591519045118,0.6687123611959643,2.6034698243515586,31.94591519045118,-33.12876388040357,160.34698243515587,Bristol
event_time_ref::-11:treat_group,0.02992651082229205,0.576288124759247,-11,-1.0995982137058318,1.159451235350416,1.03037880947965,0.33300485360889315,3.188183233724338,3.0378809479649993,-66.69951463911067,218.8183233724338,Bristol
event_time_ref::-10:treat_group,0.004780450879882329,0.44016225758257754,-10,-0.8579375739819697,0.8674984757417343,1.004791895464681,0.4240357234065441,2.380947400093332,0.4791895464681062,-57.596427659345586,138.0947400093332,Bristol
event_time_ref::-9:treat_group,-0.5602688211550928,0.5526110085565228,-9,-1.6433863979258774,0.5228487556156918,0.5710555314057805,0.19332425967515388,1.686826167068206,-42.894446859421954,-80.66757403248461,68.68261670682061,Bristol
event_time_ref::-8:treat_group,-0.10808898051657635,0.37187212452673996,-8,-0.8369583445889867,0.620780383555834,0.8975477286166037,0.4330256371260894,1.860379284911139,-10.24522713833963,-56.69743628739106,86.03792849111389,Bristol
event_time_ref::-7:treat_group,0.2099499011430899,0.3539203410223792,-7,-0.48373396726077333,0.9036337695469531,1.23361625564432,0.6164771832128461,2.468557000372371,23.361625564431996,-38.35228167871539,146.8557000372371,Bristol
event_time_ref::-6:treat_group,-0.361523722716346,0.36845049173845074,-6,-1.0836866865237094,0.36063924109101747,0.6966140703014858,0.338345848396599,1.434245950531608,-30.33859296985142,-66.1654151603401,43.42459505316081,Bristol
event_time_ref::-5:treat_group,0.595722219427682,0.33461615095173386,-5,-0.060125436437716395,1.2515698752930804,1.8143408240847352,0.9416464094046813,3.4958266638765254,81.43408240847351,-5.835359059531875,249.58266638765255,Bristol
event_time_ref::0:treat_group,0.3844320806133176,0.31243557178793613,0,-0.22794164009103723,0.9968058013176724,1.4687799359313316,0.7961707229305586,2.7096129486572518,46.87799359313316,-20.382927706944145,170.96129486572516,Bristol
event_time_ref::1:treat_group,0.6361457968443345,0.3223219210075301,1,0.00439483166957555,1.2678967620190935,1.8891855246357359,1.0044045031051976,3.553371112394739,88.91855246357359,0.4404503105197577,255.33711123947393,Bristol
event_time_ref::2:treat_group,0.09432289490933837,0.4034570312002198,2,-0.6964528862430925,0.8850986760617692,1.098914522541435,0.49834987607311787,2.4232234938396755,9.891452254143495,-50.16501239268821,142.32234938396755,Bristol
event_time_ref::3:treat_group,-0.34100520029594783,0.3352064885981913,3,-0.9980099179484028,0.3159995173565071,0.7110552104992653,0.36861228040771166,1.371629593617785,-28.894478950073466,-63.13877195922883,37.16295936177849,Bristol
event_time_ref::4:treat_group,0.1215461976909391,0.3953307875904887,4,-0.6533021459864187,0.8963945413682969,1.129241533071488,0.5203247485017022,2.450751081292211,12.9241533071488,-47.96752514982978,145.07510812922112,Bristol
event_time_ref::5:treat_group,0.09655639562955437,0.38665488897417655,5,-0.6612871867598316,0.8543999780189404,1.1013716919423295,0.5161864782859901,2.349963927454611,10.137169194232953,-48.38135217140099,134.99639274546112,Bristol
event_time_ref::6:treat_group,-0.0190813039807311,0.3313240640767273,6,-0.6684764695711167,0.6303138616096544,0.9810995916977199,0.5124887755521264,1.878199981633605,-1.8900408302280125,-48.75112244478736,87.81999816336051,Bristol
event_time_ref::7:treat_group,0.1744325578767103,0.28600669101234594,7,-0.3861405565074877,0.7350056722609083,1.1905704450785926,0.6796749862238418,2.085493821936559,19.057044507859256,-32.032501377615816,108.54938219365589,Bristol
event_time_ref::-34:treat_group,-0.12287975731890956,0.3185951928361011,-34,-0.7473263352776677,0.5015668206398486,0.88436999518713,0.47363119238693746,1.6513065460188945,-11.563000481287,-52.63688076130626,65.13065460188945,Newcastle
event_time_ref::-33:treat_group,0.3787429615133525,0.23598709749990254,-33,-0.08379174958645647,0.8412776726131614,1.4604475962543306,0.9196227479728707,2.3193284269083505,46.04475962543306,-8.037725202712931,131.93284269083506,Newcastle
event_time_ref::-32:treat_group,0.20205614917774922,0.20430637113974534,-32,-0.19838433825615165,0.6024966366116501,1.223916728099971,0.8200546142021485,1.826673652437591,22.391672809997097,-17.994538579785146,82.66736524375911,Newcastle
event_time_ref::-31:treat_group,0.3129786531293812,0.30088962208546294,-31,-0.27676500615812616,0.9027223124168886,1.367492339033994,0.7582326561814565,2.4663080415638765,36.74923390339939,-24.17673438185435,146.63080415638765,Newcastle
event_time_ref::-30:treat_group,0.16503041654585016,0.23576254478406594,-30,-0.2970641712309191,0.6271250043226194,1.1794289923218342,0.7429963318429147,1.8722202093231806,17.942899232183418,-25.70036681570853,87.22202093231806,Newcastle
event_time_ref::-29:treat_group,-0.053701558724591814,0.26621192696708534,-29,-0.5754769355800791,0.46807381813089544,0.947714901544783,0.562436558822313,1.5969152796374122,-5.2285098455217005,-43.7563441177687,59.69152796374122,Newcastle
event_time_ref::-28:treat_group,0.25682728553019457,0.21642994144907718,-28,-0.1673753997099967,0.6810299707703859,1.292821818440695,0.8458820078663483,1.9759118159425246,29.2821818440695,-15.411799213365175,97.59118159425246,Newcastle
event_time_ref::-27:treat_group,0.7443742745989298,0.20934652399737036,-27,0.3340550875640839,1.1546934616337756,2.1051237933529023,1.3966200778534645,3.173050606684374,110.51237933529023,39.662007785346454,217.30506066843742,Newcastle
event_time_ref::-26:treat_group,-0.24967543143216556,0.2788503436680025,-26,-0.7962221050214504,0.29687124215711935,0.7790535983519221,0.4510296923179398,1.3456420263286009,-22.09464016480779,-54.89703076820602,34.56420263286009,Newcastle
event_time_ref::-25:treat_group,0.44510628044515593,0.1690637008882732,-25,0.1137414267041405,0.7764711341861714,1.5606560542389378,1.1204623657769783,2.173787709454806,56.065605423893786,12.046236577697833,117.3787709454806,Newcastle
event_time_ref::-24:treat_group,0.10877109719921695,0.2880975352430063,-24,-0.4559000718770754,0.6734422662755093,1.1149071157691954,0.6338771760901946,1.9609759172270893,11.490711576919544,-36.612282390980546,96.09759172270893,Newcastle
event_time_ref::-23:treat_group,-0.10976280381129658,0.2698751882685441,-23,-0.638718172817643,0.4191925651950499,0.896046648941848,0.5279687551824517,1.5207331668754813,-10.395335105815196,-47.203124481754834,52.07331668754813,Newcastle
event_time_ref::-22:treat_group,0.1348788993929172,0.19046006536022894,-22,-0.23842282871313153,0.508180627498966,1.1443981886440824,0.7878694868133413,1.6622641644226197,14.439818864408238,-21.213051318665865,66.22641644226196,Newcastle
event_time_ref::-21:treat_group,0.36005473171663793,0.2852738020239759,-21,-0.19908192025035487,0.9191913836836307,1.4334078652865587,0.8194827583503803,2.507262156926154,43.34078652865587,-18.051724164961968,150.72621569261543,Newcastle
event_time_ref::-20:treat_group,-0.12919634503956479,0.20875220756202637,-20,-0.5383506718611364,0.27995798178200687,0.8788014003092601,0.5837101885206193,1.3230742179485457,-12.119859969073987,-41.62898114793807,32.30742179485458,Newcastle
event_time_ref::-19:treat_group,-0.006214948206911607,0.2573462668068555,-19,-0.5106136311483483,0.49818373473452515,0.9938043246364514,0.6001272090537991,1.64572947329501,-0.6195675363548592,-39.987279094620085,64.572947329501,Newcastle
event_time_ref::-18:treat_group,0.37130948388542145,0.26042146301612595,-18,-0.13911658362618545,0.8817355513970284,1.4496316416036203,0.8701265800328133,2.4150875798543705,44.963164160362034,-12.987341996718671,141.50875798543706,Newcastle
event_time_ref::-17:treat_group,0.13576144251838074,0.21596955515459687,-17,-0.28753888558462914,0.5590617706213906,1.1454086152051872,0.7501073978391604,1.74903073821914,14.540861520518721,-24.989260216083963,74.90307382191399,Newcastle
event_time_ref::-16:treat_group,0.13242242885414174,0.19695381376906215,-16,-0.25360704613322005,0.5184519038415035,1.1415904581745182,0.7759966730357137,1.6794257236913794,14.15904581745182,-22.400332696428627,67.94257236913795,Newcastle
event_time_ref::-15:treat_group,0.506001406345655,0.2504386557139709,-15,0.015141641146272089,0.996861171545038,1.6586456673777925,1.0152568565769757,2.709762984696018,65.86456673777926,1.525685657697573,170.9762984696018,Newcastle
event_time_ref::-14:treat_group,0.01315066199128408,0.22927932314513627,-14,-0.43623681137318304,0.46253813535575117,1.0132375122418675,0.6464646176334455,1.5880996859076575,1.3237512241867533,-35.353538236655446,58.80996859076575,Newcastle
event_time_ref::-13:treat_group,-0.6472521205513139,0.514129074914718,-13,-1.6549451073841612,0.3604408662815334,0.5234822683712448,0.1911025455361728,1.4339614604831805,-47.65177316287552,-80.88974544638272,43.39614604831805,Newcastle
event_time_ref::-12:treat_group,-0.3110253824244368,0.27212664279549964,-12,-0.844393602303616,0.22234283745474248,0.7326952780507743,0.4298179197972114,1.2489995082829128,-26.730472194922573,-57.01820802027886,24.899950828291285,Newcastle
event_time_ref::-11:treat_group,0.24227651210406617,0.2706138232993685,-11,-0.2881265815626961,0.7726796057708285,1.2741464610295656,0.7496666922514672,2.1655613367034836,27.414646102956564,-25.03333077485328,116.55613367034836,Newcastle
event_time_ref::-10:treat_group,-0.5357139542707838,0.34008358371492,-10,-1.2022777783520269,0.13084986981045932,0.5852512982851199,0.30050893900273384,1.1397966505791777,-41.47487017148801,-69.94910609972662,13.979665057917767,Newcastle
event_time_ref::-9:treat_group,0.08056003946457806,0.2683185220635028,-9,-0.4453442637798874,0.6064643427090435,1.0838939210993956,0.6406037014149125,1.8339357540416394,8.389392109939564,-35.939629858508745,83.39357540416394,Newcastle
event_time_ref::-8:treat_group,-0.09310680169547994,0.3323086952381364,-8,-0.7444318443622272,0.5582182409712674,0.9110961884820244,0.47500409954569334,1.7475560010122,-8.890381151797556,-52.499590045430665,74.75560010122,Newcastle
event_time_ref::-7:treat_group,0.22826495157612353,0.30799111140137503,-7,-0.3753976267705715,0.8319275299228186,1.256418171311136,0.6870160485000372,2.297743443762848,25.641817131113598,-31.29839514999628,129.7743443762848,Newcastle
event_time_ref::-6:treat_group,0.9915843193418624,0.19982269574250475,-6,0.5999318356865531,1.3832368029971718,2.6955016265521907,1.8219946011464878,3.9877884457909785,169.55016265521908,82.19946011464879,298.77884457909784,Newcastle
event_time_ref::-5:treat_group,-0.5099847896943529,0.46274982949880594,-5,-1.4169744555120125,0.3970048761233067,0.6005047126030231,0.2424464408404286,1.4873631825999047,-39.94952873969769,-75.75535591595714,48.736318259990476,Newcastle
event_time_ref::0:treat_group,-0.01642686708136671,0.26671004253609903,0,-0.5391785504521208,0.5063248162893873,0.9837073181473518,0.583227147329523,1.6591821766312884,-1.6292681852648205,-41.6772852670477,65.91821766312884,Newcastle
event_time_ref::1:treat_group,0.47653717728838496,0.2608804523740432,1,-0.03478850936473976,0.9878628639415097,1.6104879011630182,0.9658096543569229,2.685489079646279,61.048790116301824,-3.4190345643077102,168.5489079646279,Newcastle
event_time_ref::2:treat_group,0.028890247577594293,0.27667836255845074,2,-0.5133993430369691,0.5711798381921577,1.0293116188319917,0.5984577539429354,1.7703545516490375,2.9311618831991737,-40.15422460570646,77.03545516490375,Newcastle
event_time_ref::3:treat_group,-0.07922742219589235,0.3212549327659823,3,-0.7088870904172178,0.550432246025433,0.9238298011506335,0.49219165757993943,1.7340023715363433,-7.617019884936649,-50.78083424200606,73.40023715363432,Newcastle
event_time_ref::4:treat_group,0.24813541428881838,0.20298978885993457,4,-0.14972457187665336,0.6459954004542902,1.2816334719290032,0.8609450722576854,1.907885194187112,28.163347192900325,-13.905492774231465,90.7885194187112,Newcastle
event_time_ref::5:treat_group,0.26245151191010796,0.3004918691067847,5,-0.3265125515391901,0.851415575359406,1.3001134266234213,0.7214353198680941,2.3429611436206716,30.011342662342134,-27.856468013190593,134.29611436206716,Newcastle
event_time_ref::-28:treat_group,0.1023050471492009,0.3158070592089306,-28,-0.5166767889003031,0.7212868831987048,1.1077213274273952,0.5964995517565828,2.057078728096411,10.772132742739515,-40.35004482434172,105.70787280964109,Portsmouth
event_time_ref::-27:treat_group,0.24292020402546366,0.304466352724856,-27,-0.35383384731525414,0.8396742553661815,1.2749668828343237,0.7019915954543436,2.3156125555494556,27.49668828343237,-29.800840454565638,131.56125555494555,Portsmouth
event_time_ref::-26:treat_group,0.376285366616432,0.3360508843507806,-26,-0.282374366711098,1.034945099943962,1.4568628144695388,0.7539913624238396,2.8149516903762852,45.68628144695388,-24.600863757616043,181.49516903762853,Portsmouth
event_time_ref::-25:treat_group,-0.06444314777816586,0.28041413629554973,-25,-0.6140548549174433,0.4851685593611116,0.9375894167883645,0.5411521209460891,1.6244488018205898,-6.241058321163551,-45.884787905391086,62.44488018205898,Portsmouth
event_time_ref::-24:treat_group,0.1886575151995921,0.3659284543713094,-24,-0.5285622553681744,0.9058772857673585,1.2076272876594067,0.5894518419609337,2.4741014652665543,20.762728765940675,-41.05481580390663,147.41014652665544,Portsmouth
event_time_ref::-23:treat_group,0.023297559040087568,0.34259341038909363,-23,-0.6481855253225359,0.6947806434027111,1.0235710670616893,0.522993875493877,2.003269595339786,2.357106706168932,-47.7006124506123,100.3269595339786,Portsmouth
event_time_ref::-22:treat_group,-0.2508689276816238,0.29928839887061437,-22,-0.837474189468028,0.3357363341047804,0.7781243554384318,0.4328023206719609,1.3989701154707808,-22.187564456156817,-56.71976793280391,39.89701154707808,Portsmouth
event_time_ref::-21:treat_group,-0.11491135991093793,0.28678448710723226,-21,-0.6770089546411131,0.44718623481923725,0.8914451581830787,0.5081345752175085,1.5639055258302221,-10.855484181692132,-49.18654247824915,56.39055258302221,Portsmouth
event_time_ref::-20:treat_group,0.5008425770256917,0.26189344456329255,-20,-0.01246857431836168,1.014153728369745,1.6501110307723232,0.9876088362870907,2.757029214231313,65.01110307723232,-1.239116371290927,175.70292142313127,Portsmouth
event_time_ref::-19:treat_group,-0.16674242795795974,0.4503827729838091,-19,-1.0494926630062256,0.716007807090306,0.8464175967713257,0.3501153305197976,2.046247866554462,-15.358240322867434,-64.98846694802025,104.62478665544621,Portsmouth
event_time_ref::-18:treat_group,0.03439959692667974,0.33687502281183496,-18,-0.6258754477845168,0.6946746416378762,1.0349981061684073,0.5347930401419543,2.0030572564815854,3.499810616840726,-46.52069598580457,100.30572564815854,Portsmouth
event_time_ref::-17:treat_group,0.13533413946767064,0.305996069450153,-17,-0.4644181566546292,0.7350864355899704,1.144919283163583,0.6285006877661701,2.0856622601620813,14.491928316358305,-37.14993122338299,108.56622601620813,Portsmouth
event_time_ref::-16:treat_group,0.2372878190727814,0.34291287281276406,-16,-0.43482141164023613,0.9093970497857989,1.26780596400494,0.6473802713357413,2.4828250620768575,26.780596400493994,-35.26197286642587,148.28250620768574,Portsmouth
event_time_ref::-15:treat_group,-0.2909130118664767,0.3291762185654705,-15,-0.936098400254799,0.35427237652184546,0.7475807058399846,0.3921548858542126,1.4251433091974215,-25.24192941600154,-60.784511414578745,42.51433091974215,Portsmouth
event_time_ref::-14:treat_group,-0.04773927535692635,0.3315420134985751,-14,-0.6975616218141335,0.6020830711002808,0.9533823249425071,0.49779764403491517,1.8259183594067554,-4.661767505749292,-50.22023559650848,82.59183594067554,Portsmouth
event_time_ref::-13:treat_group,0.219933904034843,0.3292303550061892,-13,-0.4253575917772878,0.8652253998469739,1.2459943726650062,0.6535360442248491,2.3755414723211867,24.599437266500622,-34.64639557751509,137.55414723211868,Portsmouth
event_time_ref::-12:treat_group,-0.04474849549863605,0.32295531047579645,-12,-0.677740904031197,0.588243913033925,0.9562379497411866,0.5077627825084199,1.8008232348342026,-4.376205025881341,-49.22372174915801,80.08232348342025,Portsmouth
event_time_ref::-11:treat_group,0.2677016999907408,0.4291080131949898,-11,-0.57335000587143925,1.1087534058529207,1.3069572165109484,0.5636340949346104,3.0305781377335133,30.695721651094843,-43.636590506538965,203.0578137733513,Portsmouth
event_time_ref::-10:treat_group,0.11337386405940039,0.34739546027002555,-10,-0.5675212380698497,0.7942689661886505,1.1200506013457292,0.56692898043178,2.212822757128198,12.00506013457292,-43.307101956822,121.2822757128198,Portsmouth
event_time_ref::-9:treat_group,0.033724969823436715,0.29454011122081664,-9,-0.5435736481693638,0.6110235878162373,1.0343001038662893,0.5806694318476552,1.842316206406547,3.4300103866289344,-41.93305681523448,84.2316206406547,Portsmouth
event_time_ref::-8:treat_group,0.5175869587042632,0.3674659075248491,-8,-0.202646220044441,1.2378201374529674,1.677973740611691,0.8165670753944071,3.4480889066246516,67.79737406116911,-18.34329246055929,244.80889066246516,Portsmouth
event_time_ref::-7:treat_group,0.514815182957612,0.4539344540953397,-7,-0.3748963470692539,1.4045267129844778,1.6733292134613587,0.6873605220312108,4.073598303767683,67.33292134613586,-31.26394779687892,307.3598303767683,Portsmouth
event_time_ref::-6:treat_group,-0.26949529677183887,0.45367769083011544,-6,-1.158703570798865,0.6197129772551875,0.7637648716743697,0.3138928570781421,1.858394563781194,-23.62351283256303,-68.61071429218579,85.83945637811941,Portsmouth
event_time_ref::-5:treat_group,0.44737503084520513,0.43484156200653973,-5,-0.4049144306876127,1.299664492378023,1.564200812852119,0.6670338860474654,3.668065797114727,56.4200812852119,-33.296611395253464,266.8065797114727,Portsmouth
event_time_ref::0:treat_group,0.47896218505520244,0.35400446626351034,0,-0.21488656882127782,1.1728109389316828,1.6143980860298337,0.8066329323125068,3.2310622040993753,61.43980860298337,-19.336706768749323,223.10622040993752,Portsmouth
event_time_ref::1:treat_group,-0.1898407915510564,0.42997062538083153,1,-1.0325832172974863,0.6529016341953734,0.8270908033055765,0.3560859241440684,1.9211070995209936,-17.29091966944235,-64.39140758559316,92.11070995209936,Portsmouth
event_time_ref::2:treat_group,0.08585359601000474,0.2931827551840426,2,-0.48878460415071867,0.6604917961707282,1.089646787989297,0.6133714304263328,1.935744091879403,8.964678798929704,-38.66285695736672,93.5744091879403,Portsmouth
event_time_ref::3:treat_group,0.04181529777672577,0.37578517055496596,3,-0.6947236365110075,0.7783542320644591,1.0427018716099288,0.49921239300145315,2.1778850210869733,4.270187160992878,-50.07876069985468,117.78850210869733,Portsmouth
event_time_ref::4:treat_group,-0.44162201433737236,0.35021233564524223,4,-1.1280381922020473,0.24479416352730243,0.6429926315240144,0.3236676076178095,1.2773583592040236,-35.700736847598556,-67.63323923821905,27.735835920402362,Portsmouth
event_time_ref::5:treat_group,0.3354827612753901,0.3173639322538402,5,-0.2865505459421366,0.9575160684929168,1.3986154196328826,0.7508491251954693,2.6052172485725733,39.86154196328826,-24.915087480453067,160.52172485725734,Portsmouth
event_time_ref::6:treat_group,0.12489416611145171,0.44927948897939174,6,-0.755693632288156,1.0054819645110595,1.1330285339056032,0.46968471323335204,2.7332242725269995,13.30285339056032,-53.0315286766648,173.32242725269995,Portsmouth
event_time_ref::7:treat_group,0.6154172643467455,0.32363884163222567,7,-0.018914865252416813,1.249749393945908,1.850428556354869,0.9812628982560027,3.489468365979381,85.0428556354869,-1.8737101743997342,248.9468365979381,Portsmouth
event_time_ref::8:treat_group,0.31611977667750635,0.304509400670669,8,-0.2807186486370049,0.9129582019920176,1.3717945547802357,0.7552407936177871,2.4916825420808224,37.17945547802357,-24.475920638221293,149.16825420808223,Portsmouth
event_time_ref::9:treat_group,0.38037052397514803,0.2996204746109642,9,-0.20688560626234176,0.9676266542126378,1.4628265013225732,0.8131126596638835,2.6316911285776743,46.28265013225732,-18.688734033611652,163.16911285776743,Portsmouth
event_time_ref::10:treat_group,1.209098642743512,0.38078319609466244,10,0.46276357839797366,1.9554337070890502,3.350463326674483,1.588457752292472,7.0669833599224035,235.0463326674483,58.84577522924721,606.6983359922403,Portsmouth
event_time_ref::11:treat_group,0.5810685752182491,0.3711220759315924,11,-0.14633069360767204,1.3084678440441702,1.7879479672159855,0.8638719790023632,3.700499623987722,78.79479672159854,-13.612802099763677,270.0499623987722,Portsmouth
event_time_ref::-33:treat_group,-0.09815046390654632,0.3233241390238741,-33,-0.7318657763933395,0.5355648485802468,0.9065124960804692,0.4810106939432165,1.7084129644050123,-9.348750391953075,-51.89893060567835,70.84129644050124,Sheffield
event_time_ref::-32:treat_group,0.052846329635283386,0.3163291893241327,-32,-0.5671588814400167,0.6728515407105834,1.0542676229805419,0.567134448130527,1.959817860701053,5.4267622980541885,-43.2865551869473,95.9817860701053,Sheffield
event_time_ref::-31:treat_group,-0.41161869115123045,0.5419682253315722,-31,-1.473876412801112,0.6506390304986509,0.6625768743152517,0.22903592435905487,1.9167653092234773,-33.74231256847483,-77.09640756409452,91.67653092234774,Sheffield
event_time_ref::-30:treat_group,0.09866411491093582,0.265049070815093,-30,-0.4208320638866464,0.6181602937085181,1.103695522424263,0.6565003422680973,1.8555113040929836,10.369552242426305,-34.34996577319027,85.55113040929837,Sheffield
event_time_ref::-29:treat_group,0.13557074656985835,0.33027435266986976,-29,-0.5117669846630863,0.782908477802803,1.1451902112479018,0.5994354492264441,2.1878262649137947,14.519021124790177,-40.056455077355594,118.78262649137947,Sheffield
event_time_ref::-28:treat_group,0.04459268199149885,0.3860645163342118,-28,-0.7120937700235563,0.8012791340065539,1.0456018806843763,0.4906158844791801,2.2283895150506474,4.560188068437632,-50.93841155208199,122.83895150506474,Sheffield
event_time_ref::-27:treat_group,0.19440470374961188,0.3659560127386972,-27,-0.5228690812182346,0.9116784887174585,1.214587731713205,0.5928172648293919,2.488495942257664,21.4587731713205,-40.71827351706081,148.84959422576637,Sheffield
event_time_ref::-26:treat_group,0.17281544168392113,0.32859669304108685,-26,-0.4712340766766091,0.8168649600444514,1.1886467102038323,0.6242314432869869,2.2633928759478223,18.864671020383227,-37.57685567130131,126.33928759478223,Sheffield
event_time_ref::-25:treat_group,0.3929476504719371,0.24866480602367796,-25,-0.09443536933447172,0.8803306702783459,1.4813408398055774,0.909886539298307,2.4116970511160263,48.13408398055774,-9.011346070169301,141.16970511160264,Sheffield
event_time_ref::-24:treat_group,-0.5847706371043921,0.46331456295726775,-24,-1.492867180500637,0.32332590629185265,0.5572336558808478,0.22472739693458513,1.381715587337666,-44.27663441191522,-77.52726030654149,38.17155873376661,Sheffield
event_time_ref::-23:treat_group,0.4429012810720339,0.4118262655129468,-23,-0.3642781993333419,1.2500807614774097,1.5572185998028685,0.6946979033638011,3.4906248540987934,55.72185998028685,-30.53020966361989,249.06248540987934,Sheffield
event_time_ref::-22:treat_group,0.3898083040702385,0.3201764976991099,-22,-0.23773763142001691,1.0173542395604938,1.4766976898119353,0.7884095178458057,2.765867252660929,47.66976898119353,-21.15904821541943,176.5867252660929,Sheffield
event_time_ref::-21:treat_group,0.21059538880188872,0.30626361104183714,-21,-0.38968128884011205,0.8108720664438895,1.2344127967641063,0.6772726944702361,2.2498691668160085,23.44127967641063,-32.27273055297639,124.98691668160085,Sheffield
event_time_ref::-20:treat_group,0.3893072291774128,0.26706771436703447,-20,-0.1341454909819748,0.9127599493368004,1.4759579390260276,0.8744628288920582,2.4911886083643493,47.59579390260276,-12.553717110794182,149.11886083643492,Sheffield
event_time_ref::-19:treat_group,0.6007641206441009,0.3251078229831656,-19,-0.036447212402903606,1.2379754536911054,1.8235116510670983,0.9642089908286734,3.4486244924139022,82.35116510670983,-3.5791009171326604,244.8624492413902,Sheffield
event_time_ref::-18:treat_group,0.03501991262179121,0.31645251542303027,-18,-0.5852270176073482,0.6552668428509305,1.0356403309085236,0.5569794033270801,1.9256562964402333,3.5640330908523588,-44.30205966729199,92.56562964402333,Sheffield
event_time_ref::-17:treat_group,-0.02579213501986278,0.39598065873038607,-17,-0.8019142261314195,0.750329956091694,0.9745376408037186,0.4484696695769266,2.1176986489169263,-2.546235919628137,-55.15303304230734,111.76986489169263,Sheffield
event_time_ref::-16:treat_group,-0.13136778778650768,0.4262418530022513,-16,-0.9668018196709203,0.7040662440979049,0.8768952037299259,0.38029735478577376,2.0219577881568616,-12.310479627007409,-61.97026452142262,102.19577881568615,Sheffield
event_time_ref::-15:treat_group,-0.2403231252299545,0.3950668247054451,-15,-1.014654101652627,0.5340078511927179,0.7863737228195087,0.3625278059164935,1.705755039610548,-21.362627718049133,-63.74721940835065,70.5755039610548,Sheffield
event_time_ref::-14:treat_group,0.9217837560171591,0.33335210352988026,-14,0.2684136330985938,1.5751538789357244,2.513770346154722,1.3078880139173605,4.8314850246850725,151.37703461547218,30.788801391736055,383.1485024685072,Sheffield
event_time_ref::-13:treat_group,0.44621990118419014,0.4142807297873669,-13,-0.365770329199049,1.2582101315674292,1.5623950012714642,0.6936620968456493,3.519117090437243,56.23950012714643,-30.63379031543507,251.9117090437243,Sheffield
event_time_ref::-12:treat_group,-0.5143311685961252,0.5729490355389589,-12,-1.6373112782524846,0.6086489410602343,0.5979003554511494,0.1945023024406667,1.8379465464562412,-40.20996445488506,-80.54976975593333,83.79465464562412,Sheffield
event_time_ref::-11:treat_group,0.13978204795037166,0.37536397259795085,-11,-0.595931338341612,0.8754954342423553,1.1500231216439312,0.5510491136384267,2.4000640733875693,15.002312164393118,-44.89508863615733,140.00640733875693,Sheffield
event_time_ref::-10:treat_group,-0.07740589343288623,0.46809128411952944,-10,-0.994864810307164,0.8400530234413914,0.9255141172549578,0.36977343072169305,2.3164898017859996,-7.448588274504219,-63.02265692783069,131.64898017859997,Sheffield
event_time_ref::-9:treat_group,-0.7073967094962527,0.6422798215477626,-9,-1.9662651597298675,0.551471740737362,0.49292575754426116,0.1399786791536746,1.7358057949942112,-50.70742424557388,-86.00213208463255,73.58057949942112,Sheffield
event_time_ref::-8:treat_group,-0.15161914967943527,0.3544265743181912,-8,-0.8462952353430899,0.5430569359842194,0.8593154890079368,0.42900134050312627,1.7212606114072697,-14.068451099206325,-57.09986594968737,72.12606114072697,Sheffield
event_time_ref::-7:treat_group,0.0628673676984898,0.3729703658840113,-7,-0.6681545494341723,0.7938892848311518,1.0648855916376518,0.5126537825670501,2.211982749057661,6.488559163765184,-48.734621743294994,121.19827490576611,Sheffield
event_time_ref::-6:treat_group,0.09055947539175545,0.3083140395984205,-6,-0.5137360422211488,0.6948549930046597,1.0947866185684063,0.5982562876240928,2.003418543173833,9.478661856840631,-40.17437123759072,100.3418543173833,Sheffield
event_time_ref::-5:treat_group,0.7509783683361807,0.3593968456233517,-5,0.04656055091441136,1.45539618575795,2.1190722359282095,1.0476615140106595,4.286181253228792,111.90722359282094,4.7661514010659545,328.61812532287917,Sheffield
event_time_ref::0:treat_group,0.32214754734278644,0.4358291821301679,0,-0.5320776496323427,1.1763727443179155,1.3800883893102256,0.5873833242944982,3.2425911385832182,38.00883893102256,-41.26166757055017,224.25911385832183,Sheffield
event_time_ref::1:treat_group,0.22709493804221786,0.3527607819396319,1,-0.46431619455946066,0.9185060706438963,1.2549490046864733,0.6285647742802517,2.505544486114309,25.49490046864733,-37.14352257197483,150.55444861143087,Sheffield
event_time_ref::2:treat_group,-0.006837373127878174,0.29991800789708434,2,-0.5946766686061634,0.5810019223504072,0.9931859485245484,0.5517409321952026,1.7878287993279032,-0.6814051475451555,-44.82590678047974,78.78287993279032,Sheffield
event_time_ref::3:treat_group,0.011158605808823482,0.4297067989891493,3,-0.8310667202099092,0.8533839318275561,1.011221095266067,0.43558439173560837,2.347577468137985,1.122109526606696,-56.441560826439165,134.75774681379852,Sheffield
event_time_ref::4:treat_group,-0.6010060044584785,0.41219700794458736,4,-1.4089121400298699,0.20690013111291272,0.5482598067591762,0.24440902137493561,1.2298597409237648,-45.17401932408238,-75.55909786250645,22.98597409237648,Sheffield
event_time_ref::5:treat_group,0.34402579862961347,0.37418184616415967,5,-0.3893706198521395,1.0774222171113665,1.4106150269728595,0.677483134779755,2.9370985817507065,41.061502697285945,-32.2516865220245,193.70985817507065,Sheffield
event_time_ref::6:treat_group,0.035271256061285505,0.3103605776790012,6,-0.5730354761895569,0.643577988312128,1.035900665026639,0.5638114024699679,1.90327861959087,3.590066502663891,-43.618859753003214,90.327861959087,Sheffield
