scheme,treated_OA,control_OA,distance_km
Newcastle,E00190011,E00172058,539.2379887674904
Newcastle,E00175551,E00076073,537.9923675988316
Newcastle,E00190011,E00077276,473.16763715131697
Newcastle,E00042822,E00180453,473.0979373047279
Newcastle,E00042826,E00172752,472.88809020164643
Newcastle,E00189989,E00085086,472.8523908205314
Newcastle,E00189964,E00172754,472.5628904425736
Newcastle,E00042822,E00172744,472.4087035696798
Newcastle,E00189936,E00085694,472.39125360573706
Newcastle,E00175558,E00085530,472.3029976404786
Newcastle,E00189986,E00085529,472.2469378835207
Newcastle,E00175561,E00085698,471.87978979019175
Newcastle,E00175561,E00085697,471.7791657945666
Newcastle,E00189989,E00085570,471.7455876797057
Newcastle,E00190004,E00085588,471.608884873921
Newcastle,E00189983,E00085579,471.4505768994275
Newcastle,E00042826,E00085030,471.16440850943576
Newcastle,E00175558,E00085266,470.9272633152491
Newcastle,E00189983,E00085246,470.9090562143022
Newcastle,E00175585,E00085700,470.4807166654853
Newcastle,E00189977,E00172906,470.2937897462882
Newcastle,E00189974,E00085148,470.2869345122938
Newcastle,E00175585,E00184791,469.91580641534335
Portsmouth,E00179913,E00041668,461.7906667156289
Portsmouth,E00179963,E00044241,459.8468564983762
Portsmouth,E00086366,E00044241,458.0504732891137
Portsmouth,E00086060,E00044357,456.0987667179559
Portsmouth,E00086054,E00044357,455.7122235687626
Portsmouth,E00086371,E00044357,454.6107623198587
Portsmouth,E00086051,E00044576,453.71389309386035
Portsmouth,E00086015,E00044399,447.6643261026994
Portsmouth,E00086042,E00060875,419.79348097179684
Portsmouth,E00086020,E00060715,419.69943852041627
Portsmouth,E00086017,E00060990,419.5712463672472
Portsmouth,E00086049,E00060707,419.13446688452467
Portsmouth,E00086028,E00060866,418.91523421277094
Portsmouth,E00179913,E00060628,418.1686300948399
Portsmouth,E00086042,E00174107,417.7416268377229
Bradford,E00176159,E00076635,414.07924456602666
Bradford,E00053640,E00076075,413.65965833189347
Bradford,E00177762,E00076660,412.9263883746619
Bradford,E00054575,E00076608,410.8270519546071
Newcastle,E00190011,E00174515,394.6742042250937
Newcastle,E00042583,E00174518,394.3231836467181
Bristol,E00178075,E00044200,392.65187477590194
Bristol,E00178043,E00044841,392.30209589325284
Newcastle,E00175576,E00083307,388.85143685516715
Newcastle,E00042806,E00110053,383.74753808435105
Bradford,E00054419,E00101304,368.0277650526943
Bradford,E00054394,E00171929,365.1469124448081
Portsmouth,E00086027,E00064053,363.7569999359606
Portsmouth,E00086016,E00063945,362.36491529515985
Bradford,E00054167,E00101310,361.2447143684213
Portsmouth,E00174441,E00064245,359.69868996200324
Newcastle,E00175558,E00145631,359.53335684640854
Newcastle,E00189974,E00145624,359.44104235668425
Newcastle,E00042814,E00185995,356.02805725326726
Newcastle,E00189983,E00177122,353.1395487190707
Newcastle,E00189974,E00177122,353.07967542702926
Portsmouth,E00086049,E00067344,353.03096031599017
Newcastle,E00175576,E00177102,352.8833400067366
Portsmouth,E00179913,E00185498,352.45314419926143
Newcastle,E00189947,E00173271,352.25223724975
Portsmouth,E00086023,E00067355,352.17851919251865
Portsmouth,E00174441,E00185498,351.9766221718019
Portsmouth,E00086031,E00067354,351.9562580973896
Portsmouth,E00179966,E00067564,351.68257458168046
Portsmouth,E00174453,E00067559,351.6417016844978
Portsmouth,E00086036,E00067604,351.2433622615726
Newcastle,E00042583,E00079469,350.85917624637193
Bradford,E00177814,E00085757,350.6856640383292
Portsmouth,E00086036,E00067647,350.46440470420276
Bradford,E00177814,E00085198,349.11608893086606
Bradford,E00053599,E00085099,348.6082705635701
Bradford,E00176194,E00184753,347.65242405747
Bradford,E00054150,E00085099,347.641154774624
Bradford,E00054486,E00085879,346.63959050070457
Bradford,E00054423,E00077259,346.3170662269402
Bradford,E00054389,E00077801,346.28820624250585
Bradford,E00177783,E00085736,345.2764888828666
Bradford,E00054344,E00077681,345.13513021763794
Portsmouth,E00086060,E00056803,344.2317872605606
Bradford,E00054350,E00103171,344.21866671336574
Bradford,E00054643,E00085211,344.11378367886147
Portsmouth,E00086054,E00056803,343.76148439053986
Bradford,E00054408,E00077681,343.49122895630455
Newcastle,E00042806,E00112375,343.3551783606219
Bradford,E00177868,E00180414,342.9899268765691
Portsmouth,E00086371,E00056803,342.76014613150465
Bradford,E00177793,E00077681,341.5457014690263
Bradford,E00176195,E00077681,341.54035977891203
Bradford,E00054595,E00077681,341.46877565425456
Bradford,E00053548,E00077681,341.2947885940578
Bradford,E00053625,E00077681,340.9566907115056
Portsmouth,E00086049,E00063646,340.72561284127505
Portsmouth,E00086023,E00063629,340.33020527591407
Bradford,E00176114,E00077681,340.18689173284463
Bradford,E00177784,E00077681,340.14077492234156
Bradford,E00054129,E00077687,339.935908847245
Bradford,E00054631,E00077681,339.89521801493385
Bradford,E00054160,E00077681,339.84522153418453
Bradford,E00054637,E00077681,339.8171720581566
Portsmouth,E00086057,E00057866,338.95940621588176
Portsmouth,E00086375,E00063534,338.842302908932
Bradford,E00054145,E00077681,338.8362486541596
Bradford,E00054146,E00077681,338.775026777388
Portsmouth,E00086058,E00058748,338.50972373676046
Bradford,E00054219,E00077681,338.1358681652358
Bradford,E00053581,E00103183,337.32665094320737
Bradford,E00054166,E00077355,336.1340138750359
Portsmouth,E00174464,E00169786,335.2278506279668
Portsmouth,E00086033,E00057172,334.9217868962611
Portsmouth,E00086052,E00169786,334.8952101663899
Portsmouth,E00086024,E00169753,334.50206524704646
Portsmouth,E00179945,E00187071,334.499321356297
Portsmouth,E00086037,E00187071,333.57102012565736
Portsmouth,E00174455,E00064376,333.068123557706
Portsmouth,E00086043,E00064588,332.9957887028458
Portsmouth,E00174464,E00064370,332.6701725561589
Portsmouth,E00086012,E00057282,332.4019091218102
Portsmouth,E00086052,E00064370,332.39607857915183
Portsmouth,E00086017,E00064606,332.39453253056604
Portsmouth,E00179918,E00064822,331.70630126180987
Portsmouth,E00086038,E00064849,331.5143693369297
Portsmouth,E00086038,E00064844,331.43559103871326
Portsmouth,E00086039,E00064848,331.3789277690524
Portsmouth,E00086048,E00064879,331.13453718845983
Portsmouth,E00086043,E00064817,330.8304436306807
Portsmouth,E00086031,E00057004,330.70118477536727
Portsmouth,E00086023,E00064860,329.93896765294505
Newcastle,E00175561,E00167353,328.7600456661277
Portsmouth,E00086049,E00065039,328.6234268947561
Sheffield,E00172514,E00171924,328.2462652457803
Portsmouth,E00086031,E00055525,325.451856675976
Newcastle,E00189936,E00173828,324.31176829051464
Bradford,E00054592,E00190543,324.2187544173616
Bradford,E00177766,E00087252,323.55500962377437
Portsmouth,E00174464,E00171674,322.90140504145916
Portsmouth,E00086060,E00024284,322.74274028203
Portsmouth,E00086027,E00024930,322.68467975449397
Portsmouth,E00086023,E00028315,322.61827735022763
Bradford,E00054427,E00161182,322.6036554465865
Portsmouth,E00086052,E00171674,322.5341936961219
Bradford,E00054580,E00086731,322.50089112550484
Portsmouth,E00086054,E00024284,322.10182523422753
Bradford,E00053596,E00181838,321.80217400324426
Portsmouth,E00086371,E00024284,321.3328448161586
Portsmouth,E00086012,E00036499,321.12217042778286
Bradford,E00053630,E00086872,320.8103617788373
Portsmouth,E00179961,E00176632,320.67229519859166
Bradford,E00176104,E00087018,320.5451985423995
Portsmouth,E00174470,E00024671,320.3181586541376
Portsmouth,E00086029,E00033717,320.208372919152
Bradford,E00176137,E00087120,319.7026536030693
Bradford,E00177833,E00161182,319.584758635225
Bradford,E00054400,E00081401,319.1013727684507
Bradford,E00054130,E00087140,318.8769318722569
Portsmouth,E00086015,E00036092,318.853503416681
Bradford,E00054211,E00166944,318.2121128334949
Portsmouth,E00086375,E00024702,317.8686683584983
Portsmouth,E00086052,E00176698,317.7738072668409
Bradford,E00054393,E00161011,317.6854306802455
Portsmouth,E00086055,E00176640,317.6295110229486
Portsmouth,E00174441,E00182998,317.56640094406924
Portsmouth,E00086031,E00168423,317.1793502598504
Portsmouth,E00174455,E00183013,317.1704850986501
Portsmouth,E00086057,E00033641,317.0976125279208
Portsmouth,E00179961,E00036130,317.08722536700714
Bradford,E00054583,E00161071,317.0540172475307
Portsmouth,E00086032,E00176712,316.89014188044564
Bradford,E00176168,E00081378,316.004948260127
Portsmouth,E00086032,E00033000,315.6230916691445
Bradford,E00176104,E00161013,315.4312156881583
Portsmouth,E00086366,E00034028,314.6657747048225
Portsmouth,E00086045,E00036973,314.261307720231
Bradford,E00176184,E00081366,313.5583839255186
Bradford,E00054402,E00081014,313.31243263315304
Portsmouth,E00086024,E00025805,313.0432479571116
Bradford,E00176151,E00081230,312.66468690504354
Bradford,E00177796,E00081202,311.67781891694085
Portsmouth,E00086017,E00028410,311.3096088038242
Portsmouth,E00086031,E00173015,311.2546936486093
Bradford,E00176166,E00081196,310.8463804538506
Portsmouth,E00179966,E00028355,310.0127297867662
Portsmouth,E00086046,E00176672,309.90240172728244
Bradford,E00176131,E00080977,309.78498164921115
Portsmouth,E00174455,E00180933,309.304412391093
Bradford,E00177769,E00189772,309.1465768724282
Portsmouth,E00086028,E00028392,309.00077721648955
Bradford,E00053597,E00081095,308.8754853789808
Portsmouth,E00174456,E00063216,308.8191702219973
Bradford,E00053633,E00081057,308.5458430867138
Newcastle,E00042826,E00189091,308.0024665360886
Portsmouth,E00086045,E00063263,307.79259403647194
Portsmouth,E00179918,E00180819,307.659469107232
Portsmouth,E00086058,E00175919,307.1009925784507
Newcastle,E00189969,E00138118,306.90260342876905
Portsmouth,E00086027,E00172957,306.8810553041603
Portsmouth,E00086022,E00062943,306.6065548003934
Bradford,E00176196,E00081583,306.5888334798769
Portsmouth,E00086056,E00026761,306.1029082081241
Bradford,E00176100,E00080269,305.89920051356575
Portsmouth,E00086024,E00026269,304.69067989716785
Bradford,E00054389,E00079968,302.90749766128386
Bradford,E00054648,E00180465,302.4688715265254
Bradford,E00053571,E00081593,301.9498131449044
Bradford,E00053632,E00080240,299.8436109726935
Bradford,E00176199,E00080440,299.41399693355874
Bath,E00072772,E00067636,299.4096988843292
Bristol,E00073469,E00134823,299.0736405878453
Bristol,E00174231,E00189235,299.04599833633927
Sheffield,E00185217,E00085514,298.92526778433506
Sheffield,E00172460,E00085571,298.7958673659776
Bristol,E00178105,E00136405,298.76754321075066
Bristol,E00178086,E00067559,298.669203136663
Bradford,E00177791,E00080177,298.6419832154676
Bristol,E00178055,E00136531,298.61909906694126
Sheffield,E00185188,E00085560,298.4662932790761
Portsmouth,E00174453,E00026815,298.3314566144302
Bristol,E00073471,E00136606,298.3229442148741
Sheffield,E00172412,E00085708,297.93033818119454
Bristol,E00174284,E00170150,297.4361487524387
Bristol,E00174295,E00187884,297.370616712439
Bristol,E00073437,E00136575,297.22455274682477
Bristol,E00178114,E00185509,296.63236518717537
Bristol,E00178080,E00136609,296.2827921908511
Bath,E00072757,E00064347,296.2714254390303
Bristol,E00178114,E00170132,296.16899737441474
Sheffield,E00172415,E00077497,295.7968092349464
Bradford,E00054404,E00108164,295.00508501086557
Bristol,E00074009,E00136630,294.63770075221026
Bradford,E00054398,E00108034,294.104040435106
Bath,E00072566,E00136566,287.2817239125859
Bradford,E00054163,E00108019,287.03573892594864
Newcastle,E00190011,E00049034,285.7489219851592
Bradford,E00053550,E00108366,285.7353923983464
Bradford,E00053626,E00114247,285.5978470019987
Bath,E00072576,E00136486,285.5553333150418
Newcastle,E00042579,E00048790,285.4706361799265
Bath,E00073131,E00136667,285.3355909897597
Newcastle,E00042822,E00172202,285.26211489922116
Newcastle,E00042822,E00172213,284.86769752877177
Bradford,E00054396,E00152867,283.6534361698935
Newcastle,E00175551,E00048445,282.9257638193295
Bradford,E00053583,E00167840,282.1555162179497
Birmingham,E00047473,E00172062,281.720210031372
Birmingham,E00046358,E00076032,280.2167285240926
Birmingham,E00175626,E00181180,280.1994848644385
Birmingham,E00046393,E00076073,279.2719396944951
Birmingham,E00047473,E00041382,277.80672885739955
Bath,E00072806,E00064292,276.3808594794578
Birmingham,E00186195,E00181102,275.6615984181306
Sheffield,E00185186,E00167014,275.43730475358814
Bradford,E00054403,E00109719,275.421298000174
Birmingham,E00175700,E00181102,275.28204791101393
Sheffield,E00185237,E00190532,275.0112736643766
Bradford,E00176161,E00188101,274.5571117647057
Portsmouth,E00086020,E00173644,273.8341975945565
Bradford,E00054589,E00170986,273.76872918047076
Portsmouth,E00174453,E00132737,273.72216423496957
Bradford,E00053576,E00188110,273.4462778658977
Bradford,E00053580,E00152990,273.3542317883375
Bradford,E00054420,E00082711,273.30047274776325
Bradford,E00053585,E00152830,273.14610146076177
Portsmouth,E00174453,E00132652,272.79116580778395
Portsmouth,E00086041,E00132647,272.5837659650417
Bristol,E00174296,E00057597,272.3660499853778
Bradford,E00054642,E00109591,272.2735298022406
Bristol,E00178060,E00058816,271.7737243865243
Portsmouth,E00086048,E00132920,271.5086204672594
Bristol,E00178060,E00187047,271.40751082120494
Bradford,E00054414,E00083389,271.3812660751829
Bradford,E00054390,E00083372,270.9042428308048
Bradford,E00054398,E00083387,270.71708799415745
Bristol,E00074008,E00170329,270.47685155956464
Bradford,E00176207,E00082697,270.31285133073413
Bradford,E00054393,E00083356,269.900140996036
Bradford,E00054611,E00083315,269.7908493019209
Bradford,E00177839,E00188457,269.67097044170333
Bristol,E00073467,E00170849,269.47594960735796
Bristol,E00178047,E00170849,269.2540875812616
Portsmouth,E00086369,E00132885,268.95593852460445
Bradford,E00177834,E00083396,268.76767295295963
Bradford,E00054156,E00083047,268.0797383832838
Bradford,E00054412,E00174487,268.03142468081904
Sheffield,E00185191,E00188613,267.98668646905395
Bradford,E00054588,E00082956,267.4959146697684
Bradford,E00177791,E00083321,267.07273874666674
Bradford,E00176208,E00188453,266.35252518249496
Bristol,E00174296,E00170857,266.3263745061456
Bradford,E00054579,E00082839,265.89348320961614
Bradford,E00176143,E00083177,265.66203765448176
Bristol,E00174298,E00153013,265.47360621248555
Bradford,E00176128,E00188373,265.08705687467165
Bradford,E00053634,E00083203,265.0821389699833
Bradford,E00177776,E00083310,264.650626656478
Bradford,E00176141,E00083132,264.4163423641266
Portsmouth,E00179966,E00136281,263.9743105367896
Portsmouth,E00086015,E00136456,263.74694352602467
Newcastle,E00175574,E00068867,263.3683419334398
Portsmouth,E00086022,E00136293,263.16112975606035
Newcastle,E00042806,E00069411,262.94499292455663
Portsmouth,E00086041,E00136295,262.29562258632944
Portsmouth,E00086519,E00136596,262.28342291589837
Newcastle,E00175551,E00169457,262.18226860579693
Portsmouth,E00086519,E00173830,262.07981817805216
Newcastle,E00042825,E00178494,261.801396171111
Bradford,E00054644,E00083091,261.67868079595195
Portsmouth,E00086041,E00136553,261.66434187211854
Portsmouth,E00179961,E00136372,261.50845604497914
Portsmouth,E00086057,E00136586,261.4581227937298
Portsmouth,E00179963,E00072042,261.0358165390414
Portsmouth,E00174453,E00136611,261.02286426745997
Portsmouth,E00086016,E00173831,260.81974638310487
Portsmouth,E00179944,E00072055,260.62814967773664
Portsmouth,E00086017,E00136500,260.48160479691205
Portsmouth,E00086029,E00136640,260.4613714762026
Portsmouth,E00086012,E00136599,260.3084635970371
Portsmouth,E00086058,E00136334,259.5735231098896
Portsmouth,E00086366,E00072042,259.39896074120435
Portsmouth,E00086035,E00136614,259.0816811879521
Newcastle,E00190004,E00130314,258.22560475504275
Portsmouth,E00086029,E00072319,258.21337359009607
Bradford,E00177860,E00121187,257.1263969400196
Bristol,E00178060,E00063720,256.16740919437893
Portsmouth,E00086035,E00072421,255.49047205525272
Bath,E00073126,E00178700,255.2346397042185
Portsmouth,E00086032,E00072421,255.2260874344742
Bradford,E00054411,E00121325,255.13233040224935
Bradford,E00054173,E00121205,253.7397002714394
Bath,E00072636,E00183376,253.63967999578628
Bradford,E00054405,E00078752,251.6659589264056
Bradford,E00177767,E00121380,251.57553104425057
Bradford,E00054132,E00121213,250.59536674166597
Bradford,E00176128,E00078756,247.37145315069154
Bradford,E00054135,E00078752,246.7672802092629
Bath,E00073130,E00024434,245.80898298661606
Portsmouth,E00086033,E00070011,245.35408827557208
Bristol,E00073469,E00132786,243.97535281767767
Bristol,E00178076,E00185283,243.83535958693625
Bristol,E00178055,E00028261,243.20792803337136
Bristol,E00178076,E00132735,241.87380881927993
Bristol,E00174256,E00185377,241.5794360292527
Portsmouth,E00174470,E00069811,241.525295328463
Portsmouth,E00086051,E00069815,241.25567593943262
Portsmouth,E00179945,E00173498,240.56371696470973
Portsmouth,E00086052,E00187598,240.40021573075177
Portsmouth,E00174455,E00173525,240.30405403898786
Portsmouth,E00086049,E00173549,239.5812154143956
Portsmouth,E00086046,E00070221,239.50792051431213
Portsmouth,E00086039,E00187585,239.48310093270612
Portsmouth,E00086039,E00187603,239.39032695407084
Bristol,E00174245,E00024636,239.33364056806167
Portsmouth,E00086370,E00173499,238.24057724838076
Bradford,E00176100,E00145584,237.87206808523374
Portsmouth,E00086012,E00179901,237.84398642490135
Portsmouth,E00086375,E00068336,237.72175745223035
Portsmouth,E00086370,E00070272,237.61920829819888
Birmingham,E00186119,E00060866,236.53695892777105
Bristol,E00074228,E00039096,235.88059613768314
Bristol,E00178043,E00027508,235.38101286993864
Portsmouth,E00086020,E00068584,235.3329042655463
Portsmouth,E00086046,E00179887,235.21526154828777
Bradford,E00054217,E00136255,234.75530715481563
Bath,E00073128,E00181655,234.67173662297935
Bradford,E00176207,E00145299,234.34192252670468
Bradford,E00054650,E00145299,234.3013019384989
Bradford,E00177867,E00079538,232.32316221270497
Bradford,E00054153,E00145474,231.2916798547732
Bristol,E00074228,E00080158,231.0473988548355
Bradford,E00177818,E00177148,230.98016624282658
Bradford,E00054161,E00173606,230.77870196264365
Bradford,E00176132,E00079484,230.623988333305
Bradford,E00176111,E00079578,230.41463263962171
Bristol,E00073469,E00080146,230.16184951150592
Bradford,E00054147,E00173271,229.87539784237902
Bradford,E00176111,E00079407,229.64388452149768
Newcastle,E00042583,E00171186,229.60523611211804
Bradford,E00176199,E00079388,229.51398704188972
Bristol,E00178115,E00080160,229.44706565050646
Bradford,E00054574,E00079607,229.32259866497284
Bath,E00072805,E00165713,229.101945887014
Bradford,E00054643,E00079522,228.98460673022257
Bath,E00072638,E00026872,228.6759791906392
Bristol,E00178079,E00025951,228.58490807427324
Bristol,E00074010,E00080384,228.51285409441033
Bristol,E00178079,E00080156,228.48114534430155
Bradford,E00054127,E00177155,228.34410538372097
Bradford,E00053596,E00079454,228.1090120563172
Newcastle,E00175587,E00070260,228.05812924946295
Newcastle,E00189986,E00068066,227.8067803845997
Bristol,E00174245,E00176029,227.63316574079104
Newcastle,E00189936,E00173520,227.51361809946167
Newcastle,E00189964,E00070536,227.35647049722556
Newcastle,E00190004,E00070271,227.31766955962297
Bradford,E00054137,E00079452,227.11499492238488
Bristol,E00174262,E00175961,227.1148458647625
Newcastle,E00175553,E00173517,226.9582188947143
Bristol,E00178072,E00180789,226.79779813495873
Newcastle,E00175553,E00173506,226.6503463070422
Newcastle,E00175553,E00187585,226.3867542223729
Bristol,E00178112,E00031661,226.30381524590396
Newcastle,E00189947,E00187581,226.27671300851202
Bath,E00072758,E00177725,226.18880195712308
Bradford,E00054207,E00079449,226.141449815048
Newcastle,E00175558,E00173473,226.12261607315233
Newcastle,E00189947,E00173489,226.06100649950213
Newcastle,E00175585,E00187532,225.9868227086802
Portsmouth,E00086043,E00071247,225.90083274614986
Newcastle,E00189974,E00173512,225.86357621820213
Bristol,E00174256,E00080121,225.58551037024424
Sheffield,E00185197,E00170988,225.4787486756441
Bristol,E00178044,E00175990,225.380046634324
Newcastle,E00189969,E00069811,225.09955845909516
Newcastle,E00189977,E00069666,224.60369147118357
Bristol,E00073448,E00026545,224.48328780831042
Newcastle,E00189986,E00173491,224.0336629162595
Bath,E00072577,E00033857,222.33739154870523
Newcastle,E00042825,E00069753,222.30515770247385
Birmingham,E00175723,E00085010,221.20359466199176
Birmingham,E00046371,E00085002,220.75824544834143
Birmingham,E00186124,E00085025,220.60618509245447
Birmingham,E00186214,E00085040,220.46799136556226
Birmingham,E00186242,E00085008,220.4568870796025
Birmingham,E00186297,E00085047,220.08470296446424
Birmingham,E00186251,E00085076,220.0796378594638
Portsmouth,E00086369,E00076701,220.06881418080658
Portsmouth,E00086370,E00076068,219.876486225944
Birmingham,E00175614,E00085693,219.7942453662832
Birmingham,E00186098,E00085246,219.70940735747791
Birmingham,E00186237,E00085455,219.64060552070873
Bristol,E00073470,E00081049,219.50068464814834
Birmingham,E00175718,E00085136,219.46721455744643
Bristol,E00073463,E00176681,219.39293578829344
Birmingham,E00046408,E00085048,219.213929481484
Birmingham,E00175699,E00085041,219.19839901778525
Birmingham,E00186249,E00085027,219.1362531555166
Birmingham,E00175638,E00085155,218.9442239482821
Birmingham,E00175659,E00085171,218.84834538181354
Bristol,E00178115,E00183019,218.6767887218781
Birmingham,E00186274,E00085148,218.64860956238405
Birmingham,E00186180,E00085680,218.6478664074877
Sheffield,E00172417,E00082926,218.40391700188064
Bradford,E00176206,E00113298,218.31733016228074
Bristol,E00178044,E00176712,218.2823924592071
Bristol,E00178112,E00183005,218.03424139736725
Bristol,E00178080,E00029235,217.96176745872435
Bristol,E00178048,E00033020,217.93825855616922
Birmingham,E00047462,E00085177,217.9017585436691
Birmingham,E00186096,E00085737,217.1799749578187
Birmingham,E00175608,E00085178,217.04594956341742
Birmingham,E00047472,E00085068,216.80062357021112
Newcastle,E00042806,E00071903,216.78287285004035
Sheffield,E00185199,E00082915,216.6366662042992
Bristol,E00073467,E00033032,216.1669123768203
Birmingham,E00186238,E00152698,215.82038158401556
Birmingham,E00186288,E00136492,214.85134024162656
Birmingham,E00175722,E00162220,214.29813651784144
Birmingham,E00186101,E00162342,214.23625555353735
Birmingham,E00046374,E00136918,214.03275820790114
Sheffield,E00172412,E00083257,213.89207483393218
Birmingham,E00186214,E00162093,213.8801324722503
Portsmouth,E00086058,E00052805,213.519515329957
Portsmouth,E00086045,E00052936,213.19122655187195
Sheffield,E00185261,E00083257,213.01724672059524
Birmingham,E00046390,E00162220,212.70619119382823
Bath,E00073129,E00080413,211.79830045049528
Bradford,E00176132,E00112552,211.5803988000514
Bath,E00072583,E00080231,211.33785824930663
Portsmouth,E00174470,E00152913,211.29471105293803
Birmingham,E00186108,E00153016,210.8761618982509
Portsmouth,E00174447,E00052864,210.6945428412162
Bath,E00072827,E00123691,210.54057876425446
Birmingham,E00186257,E00080081,209.5828875853426
Portsmouth,E00174447,E00170852,209.1890030591762
Portsmouth,E00086045,E00052630,208.63878826580202
Portsmouth,E00179961,E00078934,208.43803230791033
Bradford,E00053570,E00084927,208.3595759282288
Birmingham,E00186157,E00081063,208.26812534324026
Portsmouth,E00086032,E00052623,208.20707837879561
Portsmouth,E00086037,E00152739,208.00867683649602
Birmingham,E00175760,E00080385,207.82750436036648
Portsmouth,E00174441,E00052604,207.78454419261152
Bradford,E00054128,E00084992,207.75947124874514
Bristol,E00073471,E00090750,207.65397726393675
Bristol,E00073471,E00090743,207.49457625448278
Portsmouth,E00086057,E00078953,207.3396458934536
Portsmouth,E00179963,E00079212,207.30137385158562
Bristol,E00073463,E00090543,207.24052596891264
Birmingham,E00186297,E00167383,207.07725831361677
Bristol,E00074010,E00090668,207.0008486432494
Bristol,E00178055,E00090733,206.95595676213244
Bristol,E00074010,E00090780,206.90534983461782
Birmingham,E00175684,E00081457,206.6762828603224
Newcastle,E00189964,E00132632,206.0913773316859
Bristol,E00178115,E00090543,205.8823984501317
Portsmouth,E00086017,E00069248,205.6962522520752
Portsmouth,E00086058,E00078879,205.67975067225672
Bradford,E00053586,E00084400,205.5594657525626
Portsmouth,E00086366,E00079212,205.44700342552522
Bradford,E00053550,E00084434,205.4426931899356
Portsmouth,E00086051,E00069290,205.21092481224525
Bristol,E00174295,E00167356,205.16771631644997
Birmingham,E00186225,E00176420,205.1372724238346
Portsmouth,E00086043,E00069235,205.0597592728521
Portsmouth,E00179963,E00078999,204.80070796363012
Portsmouth,E00086056,E00178591,204.77358255936846
Bradford,E00054585,E00084952,204.71240954404828
Bristol,E00174298,E00090745,204.6444082217178
Bradford,E00054574,E00084853,204.54856446532014
Portsmouth,E00086041,E00050394,204.43944842898853
Bradford,E00053633,E00084367,204.3415686091088
Bristol,E00174277,E00078910,204.27464482488037
Bradford,E00053586,E00084808,204.10556106935763
Bradford,E00054621,E00084950,203.98144419643896
Sheffield,E00172508,E00173861,203.95338948465684
Sheffield,E00185217,E00078755,203.9474265611047
Portsmouth,E00174464,E00168094,203.4044262847691
Portsmouth,E00086051,E00069487,203.2581894390117
Portsmouth,E00086056,E00068863,203.2207765002635
Portsmouth,E00086519,E00168096,202.77070278099293
Bath,E00072812,E00081057,202.7061529614322
Portsmouth,E00086043,E00068827,202.4946992793866
Bradford,E00054211,E00084832,202.27756983503897
Bath,E00072756,E00109857,201.69665302052707
Bath,E00072564,E00186721,200.65035983932455
Portsmouth,E00086024,E00069119,200.5426904681797
Portsmouth,E00179913,E00177476,199.16444424798385
Portsmouth,E00086048,E00050675,199.11503247392363
Portsmouth,E00086016,E00050902,197.9675154572331
Portsmouth,E00086370,E00050843,197.39532432081504
Portsmouth,E00086025,E00050854,196.88033688224039
Portsmouth,E00086025,E00050862,196.84691403737588
Birmingham,E00186257,E00077260,196.54557158911584
Birmingham,E00186308,E00077260,196.29339429895094
Newcastle,E00175574,E00176758,195.7111693217543
Birmingham,E00046371,E00077255,195.70966999673982
Newcastle,E00042579,E00176712,195.61041565446627
Newcastle,E00042579,E00034231,195.28979718700833
Newcastle,E00175576,E00176660,195.0039491394695
Birmingham,E00175632,E00077709,194.9912382086226
Newcastle,E00189977,E00182969,194.98424986938937
Birmingham,E00175767,E00172758,194.86226106989335
Birmingham,E00175674,E00077709,194.40093330934738
Bristol,E00178058,E00173508,194.35092540278964
Bath,E00072809,E00070417,194.2131229952418
Birmingham,E00175616,E00077246,194.17612870138288
Birmingham,E00175747,E00077246,194.0539652526131
Bristol,E00174231,E00187585,193.75937007642062
Bristol,E00178072,E00173520,193.6961057913133
Bristol,E00178114,E00069671,193.64073917712707
Birmingham,E00186158,E00077490,193.43093642030416
Bristol,E00174046,E00069982,193.40195498155887
Bristol,E00174243,E00069687,193.33742975236348
Bristol,E00174284,E00070245,193.18415631126373
Bristol,E00174231,E00187532,192.7826612988825
Birmingham,E00186100,E00160913,192.40114926890453
Bristol,E00174293,E00085510,185.97501405270918
Bradford,E00054412,E00138488,185.86554500471814
Portsmouth,E00179944,E00176420,185.76091846787713
Bristol,E00178056,E00085578,185.30985851192725
Portsmouth,E00086048,E00048625,184.57031871018026
Bradford,E00054434,E00138598,184.50204477875062
Bradford,E00054581,E00138505,183.94308859433636
Bradford,E00054652,E00138500,183.92758723025128
Newcastle,E00175587,E00034886,183.40195139451802
Portsmouth,E00086015,E00048704,182.48696111048133
Bristol,E00174296,E00085773,182.2478718649839
Bradford,E00054585,E00138237,181.83774401758416
Sheffield,E00185189,E00113549,181.79461121928102
Portsmouth,E00086016,E00090655,180.55110587152322
Bristol,E00174277,E00179879,180.48410638552465
Birmingham,E00186280,E00064688,180.31713093719847
Portsmouth,E00174441,E00090668,180.19576987504857
Newcastle,E00042828,E00025888,180.1542516874804
Bath,E00072579,E00068060,180.03166068198837
Portsmouth,E00086036,E00090670,180.01471968839897
Portsmouth,E00179918,E00090834,179.9144926668028
Bradford,E00176102,E00164796,179.80502804350945
Bristol,E00174293,E00067918,179.71237271777977
Portsmouth,E00086012,E00090679,179.6911754269781
Bristol,E00174262,E00171194,179.65262541941038
Newcastle,E00042814,E00025887,179.4152609330311
Bristol,E00174316,E00171194,179.40066562187187
Bradford,E00054171,E00164816,179.357467849767
Bristol,E00178056,E00068044,179.09812080835374
Bristol,E00174295,E00068086,179.09743974278604
Portsmouth,E00086051,E00090570,178.97795139341628
Birmingham,E00186113,E00181836,178.96257634666165
Bradford,E00054144,E00181271,178.9566591999899
Birmingham,E00186251,E00086549,178.73752732238694
Newcastle,E00042814,E00029228,178.71833859952457
Bristol,E00174294,E00068086,178.66754000548434
Sheffield,E00185184,E00172564,178.6483411087935
Birmingham,E00175632,E00086552,178.54165321033628
Portsmouth,E00086039,E00090834,178.4727453821772
Portsmouth,E00086029,E00090558,178.47211893981594
Portsmouth,E00086060,E00048263,178.42356743831448
Portsmouth,E00179961,E00090790,178.41989786423113
Birmingham,E00046357,E00086834,178.05098455673303
Bristol,E00174293,E00068495,178.03209837294108
Portsmouth,E00086054,E00048263,177.92108761993148
Newcastle,E00175574,E00025691,177.91977205526263
Portsmouth,E00086366,E00090651,177.8177426737832
Newcastle,E00042828,E00182703,177.78935329834624
Birmingham,E00186308,E00166954,177.72235025468098
Bradford,E00054212,E00138519,177.53068112711225
Bristol,E00174298,E00068505,177.1650518021907
Portsmouth,E00174464,E00090802,176.98318123646993
Portsmouth,E00086371,E00048263,176.96111250883303
Portsmouth,E00086025,E00090738,176.87165939070803
Birmingham,E00175645,E00065161,176.8701647481014
Birmingham,E00186211,E00189279,176.62890515795706
Portsmouth,E00086042,E00090737,176.57626940224202
Bristol,E00178047,E00072153,176.55887681875006
Portsmouth,E00086042,E00187781,176.45662120543534
Portsmouth,E00086028,E00090638,176.44955804061289
Bristol,E00073467,E00072153,176.23528430894024
Portsmouth,E00086023,E00187841,176.0055491519695
Birmingham,E00186107,E00086601,174.95217122674885
Birmingham,E00046386,E00067474,174.5016111399385
Birmingham,E00175660,E00067658,174.371122448514
Birmingham,E00186099,E00067488,174.17082775504724
Birmingham,E00186288,E00185470,174.15113040929495
Birmingham,E00046386,E00185563,174.0046872479501
Newcastle,E00189986,E00039053,173.97250682739212
Bradford,E00054413,E00137464,173.73152915364017
Portsmouth,E00086027,E00171929,173.3465159264024
Portsmouth,E00179966,E00101136,173.18554093729026
Portsmouth,E00086057,E00164938,172.9836677620922
Bristol,E00178105,E00162352,172.92608811738913
Newcastle,E00175551,E00180819,172.69463662671689
Bristol,E00178105,E00162087,172.1964506548173
Newcastle,E00042579,E00175990,172.06969906862534
Newcastle,E00175561,E00175985,172.0240175616841
Portsmouth,E00086519,E00101132,171.9661957325832
Newcastle,E00175576,E00176090,171.91732171530734
Bristol,E00178043,E00072287,171.5920386238017
Newcastle,E00042825,E00028526,171.5909953418064
Newcastle,E00189936,E00180789,171.43960122283931
Newcastle,E00189989,E00025613,171.33472067227524
Sheffield,E00172445,E00044963,171.2459186846663
Sheffield,E00040908,E00044963,170.59361248634355
Sheffield,E00172413,E00044963,170.49370531072407
Bradford,E00054642,E00079110,170.396017583963
Newcastle,E00042826,E00181655,170.36759139031477
Sheffield,E00172513,E00044963,170.34713722692305
Newcastle,E00189977,E00175868,170.19843709290691
Newcastle,E00189989,E00175863,170.11801839771502
Newcastle,E00175585,E00176052,170.03326904228973
Bradford,E00054127,E00187667,169.86929646533093
Bradford,E00053593,E00079018,169.646334236218
Bradford,E00053553,E00079104,168.87809941785798
Sheffield,E00185188,E00090830,168.7947527599121
Bristol,E00073437,E00178604,168.6803683714651
Bath,E00072763,E00085262,168.66632427076425
Newcastle,E00042825,E00028399,168.23891554546393
Newcastle,E00042814,E00180778,167.9598630249096
Newcastle,E00175587,E00028890,167.71757919922044
Bradford,E00177796,E00078899,167.65550792717835
Bath,E00072810,E00085674,167.62156788838138
Sheffield,E00172418,E00090691,167.24082716642422
Bradford,E00054570,E00079064,167.15029521493446
Bradford,E00054618,E00079287,166.8301018636179
Bath,E00072775,E00085042,166.72695726366968
Bristol,E00174046,E00069398,166.67687144140945
Bath,E00072575,E00085310,166.58170050842068
Bristol,E00074228,E00069409,166.51562056028857
Bath,E00072584,E00085037,166.4241511563593
Bath,E00072808,E00075970,166.3936946468292
Bradford,E00177790,E00079219,166.3120234087592
Bristol,E00178048,E00069395,166.17091086218838
Bristol,E00174324,E00069398,166.0242794710087
Bristol,E00174284,E00169500,165.95460603345927
Bradford,E00053561,E00187666,165.47158110024455
Bath,E00072574,E00085861,165.46704174816495
Bath,E00072572,E00085060,165.15955265234436
Bath,E00072587,E00085803,164.42816294104122
Bath,E00073064,E00085786,164.07600236338058
Portsmouth,E00086020,E00138357,163.99931622250725
Bristol,E00074007,E00069492,163.94553970418923
Bristol,E00178058,E00169553,163.8604452659999
Portsmouth,E00179963,E00138312,162.52521945923147
Portsmouth,E00086022,E00138220,162.44254557223374
Bristol,E00178056,E00076542,162.2171877826598
Newcastle,E00189969,E00027508,162.06850239726114
Bradford,E00054417,E00048653,161.84368859194052
Portsmouth,E00086056,E00138492,161.56395294157292
Bradford,E00054425,E00048657,159.41660075909266
Bristol,E00174245,E00075961,158.9019391790894
Bradford,E00177771,E00049172,158.68335922225134
Bradford,E00054583,E00048948,158.51557943332668
Bradford,E00054417,E00051580,157.98493949021983
Sheffield,E00185214,E00175398,157.8310175779648
Bradford,E00053594,E00048948,157.62097591043846
Sheffield,E00172452,E00175398,157.4927383436858
Bristol,E00174277,E00079398,157.14646807760784
Bristol,E00174256,E00079527,156.7191782910365
Bradford,E00177839,E00048740,156.59205147746854
Bradford,E00053563,E00048260,155.95537742483197
Bristol,E00073470,E00189328,155.4868768233448
Bradford,E00054148,E00048342,155.02362426555288
Bath,E00072759,E00161195,154.4457030850991
Bradford,E00053595,E00051553,154.42951292804625
Bradford,E00177843,E00048767,154.4040113983588
Bradford,E00053632,E00048881,154.38720610239622
Bradford,E00177812,E00185101,154.35486456475002
Bradford,E00054164,E00051648,153.4627275265917
Bradford,E00054128,E00051647,153.40802890984395
Bradford,E00176129,E00185122,153.04437798310187
Bradford,E00176126,E00185133,152.92662231748835
Bradford,E00054622,E00048736,152.91079441720743
Bradford,E00054403,E00051378,152.70245530462387
Bradford,E00054486,E00048625,152.64385968581084
Bradford,E00053556,E00048451,152.1941514931239
Birmingham,E00175643,E00057579,151.8956457031991
Birmingham,E00175675,E00057183,151.79816734817038
Portsmouth,E00174456,E00080176,151.4399272106462
Bradford,E00053567,E00048425,151.34333462432485
Birmingham,E00186268,E00057157,150.9642548719569
Bradford,E00054137,E00048722,150.84097115828519
Birmingham,E00175626,E00057189,150.82673811788098
Bath,E00073137,E00162072,150.44989112284645
Birmingham,E00047468,E00058862,150.4374568764986
Birmingham,E00186105,E00057596,150.42705745619153
Birmingham,E00046370,E00058847,150.01017057355284
Portsmouth,E00086375,E00109606,149.6841865514196
Bradford,E00053582,E00048439,149.6570834191799
Birmingham,E00186180,E00058872,149.62705166127563
Bradford,E00054134,E00048579,149.1872430276268
Birmingham,E00046408,E00169811,149.0133031740859
Birmingham,E00175674,E00170609,148.91415872351493
Birmingham,E00175643,E00169796,148.88884361127006
Birmingham,E00186107,E00058859,148.64542982735165
Bradford,E00054649,E00050301,148.4729925591545
Birmingham,E00186138,E00170048,148.43154379512205
Bradford,E00176208,E00050799,148.3953831622185
Birmingham,E00175624,E00170332,148.33061593639397
Birmingham,E00186218,E00059127,148.27453789454418
Bristol,E00178075,E00138034,148.24975737949575
Portsmouth,E00174456,E00080447,148.1424670012626
Portsmouth,E00086020,E00138876,147.76535562293066
Newcastle,E00189964,E00063802,147.28805882308006
Bath,E00072565,E00079864,146.75533019314744
Birmingham,E00046358,E00185010,146.75270683203084
Newcastle,E00189947,E00178680,146.64701192989284
Birmingham,E00175723,E00059127,146.21475255100475
Bristol,E00178072,E00169276,145.9044492471469
Birmingham,E00186254,E00063717,144.99202420244993
Bradford,E00176131,E00050853,144.96743317256795
Bradford,E00054420,E00069202,144.8733896404355
Bradford,E00054401,E00051036,144.07280056417196
Bradford,E00053577,E00177425,143.98427321540518
Bradford,E00054421,E00068714,143.64863078761564
Portsmouth,E00174456,E00113595,143.3708082630869
Birmingham,E00186138,E00187852,143.36980802181893
Portsmouth,E00174456,E00113419,143.3221327301991
Bradford,E00054392,E00051057,143.19157693363235
Bradford,E00177804,E00177399,143.18224156138842
Bradford,E00054410,E00069202,142.59797485190524
Portsmouth,E00086046,E00112612,142.5317109421958
Portsmouth,E00086055,E00113330,142.52533090545407
Bradford,E00054407,E00069099,141.96577097591518
Birmingham,E00175733,E00090651,141.9380794498974
Birmingham,E00175673,E00083374,141.59373640391556
Bradford,E00054390,E00053271,141.53695134160125
Bradford,E00177771,E00052865,141.3952875120956
Birmingham,E00186130,E00188375,141.33120108779542
Bradford,E00054391,E00069452,140.9732056916652
Portsmouth,E00174447,E00113509,140.94418506121164
Bradford,E00053570,E00050539,140.41995906087698
Bradford,E00054426,E00053032,140.38494708731116
Bradford,E00054399,E00052753,140.37010795310871
Bradford,E00053593,E00053177,140.323219335364
Bristol,E00178079,E00084814,140.31367071994984
Birmingham,E00175649,E00090843,140.30316011171124
Birmingham,E00175728,E00083112,140.23487852293584
Birmingham,E00175638,E00188543,139.99371413716227
Bradford,E00054431,E00169506,139.94880164682033
Bradford,E00053561,E00177448,139.91295778248514
Bradford,E00054141,E00051053,139.78977964567363
Portsmouth,E00086060,E00084826,139.46915937823167
Portsmouth,E00086054,E00084826,139.29946988489579
Birmingham,E00186105,E00166700,139.2429722171492
Bradford,E00053598,E00052859,139.15900008127178
Bradford,E00054589,E00052617,139.034544985374
Bradford,E00176103,E00052683,139.00869925051526
Bradford,E00177866,E00068980,138.81053857992717
Bradford,E00054424,E00069308,138.68433103247511
Portsmouth,E00174447,E00084974,138.63603054762137
Bradford,E00054422,E00068800,138.539142260713
Birmingham,E00046344,E00083203,138.44312523292672
Birmingham,E00186147,E00189328,138.29676541705473
Birmingham,E00186232,E00189328,138.24087282568675
Bradford,E00054624,E00052784,138.13255513055972
Portsmouth,E00086369,E00175397,138.103059595193
Portsmouth,E00086041,E00108331,138.07208330048462
Portsmouth,E00086371,E00084826,137.9755679705292
Bradford,E00054587,E00068988,137.88591884719935
Bradford,E00054628,E00052671,137.72818401897786
Bradford,E00054422,E00052808,137.62333165291798
Bradford,E00177865,E00068968,137.5235798501362
Bradford,E00176206,E00169038,137.07448887846866
Portsmouth,E00086028,E00084984,137.0378707124111
Bradford,E00176194,E00069387,136.96400756940187
Bradford,E00054650,E00178501,136.8174003517985
Bradford,E00176173,E00069426,136.65474016207168
Bradford,E00053635,E00052737,136.63691958881563
Bradford,E00177764,E00068928,136.6190163352838
Bradford,E00054413,E00052697,136.59279079895808
Bradford,E00177766,E00169494,136.5377063117674
Portsmouth,E00179966,E00084325,136.3783374574389
Bradford,E00176166,E00069499,136.35157473525902
Bradford,E00177851,E00068866,136.25323738057534
Bradford,E00053623,E00069447,136.2127144855178
Bradford,E00054153,E00052671,136.18704320390518
Newcastle,E00189969,E00058657,136.1688605028882
Bradford,E00053553,E00052902,136.1542604214594
Bradford,E00176112,E00069384,136.14091871903307
Birmingham,E00175663,E00083306,135.80141517584607
Bradford,E00177819,E00068944,135.5895808706067
Bradford,E00054628,E00069357,135.57607766668704
Bradford,E00054158,E00053060,135.5701607495892
Bradford,E00054622,E00053056,135.5684761149184
Bradford,E00053567,E00053060,135.33324071974684
Bradford,E00054597,E00068936,135.28145051895348
Bradford,E00054167,E00053146,134.9859814922513
Bradford,E00054139,E00068911,134.95364096390819
Bradford,E00054214,E00168104,134.75986685740506
Bradford,E00053599,E00169500,134.6144438326586
Birmingham,E00046383,E00036468,134.60814110912122
Bradford,E00176168,E00052931,134.58240385962782
Bradford,E00054158,E00068944,134.33183831453294
Bradford,E00177867,E00068798,134.1427524899241
Bradford,E00177762,E00169516,133.90205917846163
Bradford,E00176109,E00068806,133.82514584717327
Bradford,E00053585,E00053005,133.7870483527079
Bradford,E00054150,E00169500,133.59006197902602
Sheffield,E00185205,E00189091,133.206478567354
Bradford,E00053583,E00068819,133.1606576245388
Bradford,E00054161,E00068797,132.9477919629173
Bradford,E00054617,E00053027,132.86062605700434
Bradford,E00054143,E00169472,132.6442025706988
Bradford,E00054207,E00071530,132.54506727834152
Birmingham,E00175618,E00082727,132.27634888061138
Portsmouth,E00179944,E00081095,132.1167797925796
Bradford,E00053867,E00071408,132.0590895017085
Bradford,E00176161,E00068678,131.9789090767279
Bradford,E00176107,E00169548,131.91944874819296
Bradford,E00054212,E00052931,131.9142206783506
Bradford,E00054213,E00068784,131.78847121614098
Portsmouth,E00179918,E00081227,131.75469659089978
Birmingham,E00175660,E00055667,131.679763736535
Bradford,E00053635,E00068739,131.62387596380458
Bradford,E00054136,E00069246,131.5428269286642
Bristol,E00174262,E00052899,131.48691940531987
Bradford,E00054215,E00041654,131.40751504354182
Birmingham,E00175666,E00055630,131.34162184196512
Portsmouth,E00179945,E00081427,131.30499805811456
Birmingham,E00046425,E00082615,131.28693603088485
Bradford,E00054162,E00068672,131.2655437980826
Birmingham,E00186174,E00178680,131.07912706791683
Bradford,E00053580,E00041944,130.92037280904887
Newcastle,E00189983,E00187139,130.8066437945538
Bradford,E00053581,E00068694,130.8005326861485
Newcastle,E00175587,E00058554,130.78420245387377
Birmingham,E00175655,E00055630,130.71667667708837
Newcastle,E00175553,E00169783,130.42645630923673
Portsmouth,E00086015,E00081171,130.41822341217724
Portsmouth,E00086025,E00079881,130.22746691180652
Birmingham,E00175778,E00175524,130.20793049357448
Birmingham,E00186121,E00177339,130.1124996577692
Bradford,E00054148,E00169548,130.08049342547238
Birmingham,E00175779,E00056605,129.87429069168365
Portsmouth,E00086045,E00081001,129.67168843767237
Portsmouth,E00086037,E00079652,129.6242007027218
Portsmouth,E00179913,E00177153,129.5977679792946
Birmingham,E00186218,E00174506,129.4719307887617
Portsmouth,E00179944,E00081222,129.24455472624282
Birmingham,E00046383,E00024418,128.90558017625952
Portsmouth,E00086037,E00177136,128.81998906355514
Bradford,E00054180,E00044154,128.7487675883781
Newcastle,E00042828,E00058821,128.4272498960364
Bradford,E00054172,E00041948,128.4232509819866
Bath,E00072586,E00048708,127.87798620292631
Newcastle,E00042828,E00058781,127.75329843503773
Birmingham,E00045212,E00033973,127.71608344585412
Birmingham,E00175728,E00024435,127.70643616958472
Birmingham,E00186245,E00182958,127.6903968248893
Birmingham,E00047472,E00176713,127.66578921757166
Portsmouth,E00086038,E00079566,127.6433244496827
Birmingham,E00047462,E00176675,127.4764603575371
Bradford,E00176174,E00044853,127.31704873755581
Birmingham,E00186245,E00182994,126.86071246042953
Birmingham,E00175658,E00027698,126.83898031159589
Birmingham,E00186211,E00176635,126.78954465726585
Birmingham,E00175675,E00185283,126.61033952511794
Birmingham,E00186100,E00171693,126.50636760565823
Birmingham,E00186268,E00176644,126.25509823194768
Bradford,E00054633,E00044846,126.13582475305806
Bradford,E00054164,E00044860,126.13350627381065
Birmingham,E00186240,E00024450,125.60857957498281
Birmingham,E00175620,E00182933,125.34921152235182
Birmingham,E00186237,E00183005,125.22938352764976
Birmingham,E00186215,E00024703,125.19609112308015
Birmingham,E00045206,E00176642,125.1309883009373
Birmingham,E00186309,E00182928,124.9568307191365
Birmingham,E00175625,E00024465,124.78374251815661
Bradford,E00054223,E00044569,124.74616751360936
Bristol,E00178086,E00181852,124.71619925749553
Bradford,E00177808,E00041611,124.70164538192937
Bradford,E00054213,E00045023,124.22800179278563
Portsmouth,E00086028,E00123722,124.06227969981997
Birmingham,E00186195,E00033036,123.9306317120345
Bradford,E00177761,E00044846,123.9180262039736
Bradford,E00054419,E00044636,123.73727867062932
Birmingham,E00175676,E00132685,123.66363254974543
Birmingham,E00175618,E00033812,123.41083294978397
Birmingham,E00175684,E00036354,123.40955490633745
Bradford,E00054411,E00044156,123.27883765522044
Bradford,E00054399,E00044967,122.20496579892743
Birmingham,E00175708,E00079538,122.2019546552198
Birmingham,E00175748,E00079817,122.20144760985511
Birmingham,E00175700,E00028901,122.12533904485839
Birmingham,E00175722,E00173660,122.07560128019983
Birmingham,E00175670,E00177149,121.85545870685647
Bradford,E00054401,E00044977,121.79761925463443
Birmingham,E00175768,E00177102,121.6000701649883
Birmingham,E00175747,E00173607,121.54486380176091
Birmingham,E00046344,E00177099,121.37224546458116
Birmingham,E00186157,E00177156,121.10449271035435
Bradford,E00054581,E00044821,120.8583838246213
Bristol,E00073437,E00051326,120.19480519853731
Birmingham,E00046374,E00039491,119.49758086721224
Birmingham,E00186130,E00177097,118.76450230068181
Birmingham,E00175614,E00079517,118.25533913472385
Birmingham,E00175625,E00079878,117.90576167398504
Birmingham,E00045210,E00027487,117.5987475324557
Birmingham,E00175773,E00026349,116.81700260753395
Birmingham,E00186272,E00176745,116.12558742768653
Birmingham,E00175678,E00028388,115.65023212422518
Birmingham,E00046390,E00180797,115.13405892217973
Birmingham,E00175771,E00173001,115.10185558626047
Birmingham,E00046425,E00175956,115.00640455297918
Birmingham,E00175639,E00078960,114.96543969216668
Birmingham,E00186249,E00175998,114.88384156538119
Birmingham,E00186116,E00175961,114.7446949340739
Birmingham,E00175699,E00181634,114.62714103883944
Birmingham,E00175718,E00176052,114.46541618737758
Bristol,E00178112,E00082594,114.16324593726807
Birmingham,E00186119,E00028392,114.11688102933006
Birmingham,E00186094,E00180779,113.85918161282675
Birmingham,E00186124,E00180933,113.79547156285012
Birmingham,E00186108,E00025844,113.16382137121742
Birmingham,E00175768,E00176090,113.0238579183676
Birmingham,E00186121,E00078914,112.02265842982109
Birmingham,E00186147,E00025628,111.96689358574524
Birmingham,E00186232,E00025628,111.59003447767523
Bristol,E00174316,E00082615,111.41639294427938
Bath,E00072570,E00101321,111.01768239023573
Bristol,E00174243,E00174500,110.67436501066565
Birmingham,E00186101,E00180783,110.43054555382776
Birmingham,E00175669,E00026784,110.39536579960145
Birmingham,E00186136,E00026503,110.39311195204283
Birmingham,E00045210,E00025852,110.36100040002682
Birmingham,E00186188,E00026306,110.25265063614974
Birmingham,E00175767,E00026753,110.25149209302354
Birmingham,E00186136,E00180803,110.01953538797356
Birmingham,E00175634,E00026753,110.01265034154694
Portsmouth,E00174447,E00145650,109.31227546582812
Sheffield,E00172417,E00185079,109.26240213415959
Portsmouth,E00086042,E00189339,109.18839675463708
Bath,E00072569,E00101179,108.8881304191784
Sheffield,E00185187,E00049055,108.61110085655812
Sheffield,E00172504,E00048796,107.91124838855231
Sheffield,E00041101,E00172172,107.85322773888541
Sheffield,E00172405,E00048746,107.66417971690433
Bradford,E00054396,E00068158,107.5671923808473
Sheffield,E00172452,E00051151,107.5341123389814
Bristol,E00178080,E00087174,106.24898642743646
Bradford,E00054407,E00069997,106.24757825554458
Portsmouth,E00086036,E00145440,106.22826574565116
Portsmouth,E00086035,E00145607,105.58999052787206
Sheffield,E00185197,E00050865,105.3097867792809
Bradford,E00054594,E00068231,104.64212051492645
Bristol,E00178046,E00184545,104.37415287661882
Bradford,E00054404,E00173449,104.16294708666864
Bristol,E00178093,E00166981,104.01323270897639
Bristol,E00174294,E00184545,103.95374580835806
Bristol,E00178075,E00190559,103.91035799403838
Bradford,E00054140,E00036490,103.68452687619651
Bristol,E00178058,E00190594,103.596734738563
Birmingham,E00175657,E00166515,103.42644182436592
Bristol,E00074007,E00184545,103.25352437811492
Bradford,E00176103,E00187603,103.19671530924975
Bristol,E00178048,E00101271,103.1596109117778
Bristol,E00074008,E00166995,103.14118335017994
Bristol,E00178046,E00087021,102.93558686824205
Bradford,E00054418,E00069934,102.76007531727711
Bradford,E00053592,E00173468,102.73082373582095
Bristol,E00178046,E00177756,102.73008936266379
Bradford,E00177765,E00068613,102.47643539704633
Bristol,E00178044,E00086572,102.46980422706679
Bristol,E00174294,E00177756,102.30827253732502
Bristol,E00178093,E00166956,102.28866815453121
Portsmouth,E00086375,E00145295,101.73428686529722
Bristol,E00074007,E00177756,101.60912226319249
Bradford,E00053837,E00070485,101.58591393425533
Bradford,E00176139,E00185400,101.52103125182734
Bristol,E00074008,E00166958,101.51746797922596
Bradford,E00054129,E00036748,101.14090223234021
Bradford,E00054575,E00070304,101.09817275076531
Bradford,E00054597,E00068526,101.0764613421769
Bristol,E00073448,E00145434,101.06358985615253
Bristol,E00073470,E00086626,101.04553240053255
Bradford,E00054142,E00069996,101.03357417050526
Bradford,E00053589,E00179900,101.0066872446682
Portsmouth,E00086048,E00078618,100.77264154744176
Bradford,E00176139,E00173534,100.41650418042428
Bradford,E00177855,E00068060,100.39797879211517
Bradford,E00054395,E00036782,100.26739195795317
Sheffield,E00185189,E00176736,100.21323920926221
Sheffield,E00185221,E00185158,100.1412460980032
Sheffield,E00185237,E00167345,100.07564201530597
Bradford,E00176146,E00067936,100.03067435234618
Portsmouth,E00086025,E00078618,99.92982180599034
Bradford,E00054147,E00068506,99.81699319569202
Sheffield,E00185235,E00033825,99.59923648228008
Bradford,E00054163,E00173549,99.56998605932401
Sheffield,E00172447,E00182949,99.56791152503668
Portsmouth,E00086033,E00078424,99.45049731277831
Bradford,E00054409,E00070073,99.37465463547746
Bradford,E00053594,E00067945,99.30639308774153
Bristol,E00178076,E00145623,99.30459746866426
Portsmouth,E00174470,E00078387,99.29377094528418
Bradford,E00054154,E00036406,99.22837223344386
Bradford,E00177790,E00187519,99.20989054775649
Bradford,E00177818,E00067947,99.06915766050453
Bristol,E00174243,E00145624,98.76184441582919
Bradford,E00177812,E00067925,98.56390068767683
Bradford,E00054169,E00069802,98.25607270224305
Sheffield,E00172407,E00033935,98.20925445340136
Bradford,E00176142,E00070510,97.97893718537797
Bradford,E00176126,E00070469,97.89009962085102
Birmingham,E00045206,E00145585,97.2432629469218
Bradford,E00054624,E00173478,96.91942146448336
Bradford,E00053574,E00036348,96.90755231536028
Bradford,E00053582,E00069923,96.73258567677262
Bristol,E00178093,E00077309,96.62977572930697
Bradford,E00054140,E00036203,96.61241734070349
Bradford,E00054569,E00067994,96.48744716321833
Bradford,E00053556,E00036130,96.36943252927506
Bradford,E00177868,E00036130,95.97900912633473
Bradford,E00054654,E00036380,95.69220732509243
Bradford,E00054387,E00072122,95.66839453194987
Bradford,E00054654,E00036135,95.463219253699
Bradford,E00054649,E00036363,95.4513394684073
Bradford,E00054638,E00064591,95.33278465869965
Bradford,E00177825,E00072270,95.16209704732753
Bradford,E00053634,E00069878,95.09050513551448
Bradford,E00176127,E00060865,94.71644616160746
Birmingham,E00047467,E00145330,94.46112866817397
Birmingham,E00186158,E00145432,93.7587395395684
Bradford,E00053563,E00072408,93.4887786558648
Bradford,E00176151,E00189244,93.47417334515005
Bradford,E00054143,E00064388,93.01773634261818
Bradford,E00054644,E00037046,92.96916885020302
Bradford,E00054580,E00071829,92.74697035159984
Bristol,E00174316,E00077817,92.68311841168182
Birmingham,E00186099,E00145632,92.43525761621738
Bradford,E00176102,E00060986,92.39701873481802
Bradford,E00054590,E00064859,92.07627990578081
Bradford,E00053602,E00072121,92.0583120747403
Bradford,E00054130,E00064883,91.88955418533455
Bradford,E00053591,E00033212,91.55772166692732
Bath,E00072573,E00164808,91.38359882064842
Bradford,E00176144,E00060767,91.31573243668836
Bradford,E00177822,E00060699,91.23856729300496
Bradford,E00176146,E00033850,91.06510119931744
Bristol,E00073448,E00077924,90.95618577572024
Bradford,E00054209,E00072138,90.88803684035577
Bradford,E00177761,E00033906,90.7851031098518
Bradford,E00054653,E00033052,90.59802350950562
Bradford,E00177827,E00065142,90.5273064781456
Bradford,E00054648,E00034201,90.26670850372024
Bradford,E00053625,E00034311,90.23727870625343
Bradford,E00053548,E00034311,90.0602129883842
Bradford,E00054611,E00033871,90.02569248528322
Bradford,E00053640,E00065029,89.84070966542373
Bradford,E00054621,E00033832,89.66357811096815
Bradford,E00054155,E00033829,89.6036726411245
Bradford,E00053597,E00071972,89.49230619039304
Bradford,E00054595,E00034311,89.41804656942193
Bradford,E00054392,E00033871,89.26888828642326
Bradford,E00176158,E00064866,89.1326843232842
Bradford,E00054344,E00034311,88.90803589751762
Bradford,E00054408,E00034311,88.42116726134006
Birmingham,E00175748,E00084833,88.41927700580311
Bradford,E00177793,E00034311,88.22135465505522
Bradford,E00054209,E00033937,88.1864146321895
Bradford,E00054523,E00034104,88.08129749758005
Bradford,E00054160,E00034311,88.06376760867833
Bradford,E00176195,E00034311,87.88539029348085
Bristol,E00174324,E00164736,87.8595777082692
Bradford,E00054145,E00034311,87.84782968219984
Bradford,E00054219,E00034311,87.70036028889642
Bradford,E00054633,E00033906,87.5773885834871
Bradford,E00054637,E00034311,87.24630231888639
Bradford,E00054652,E00034400,87.17030787624907
Bristol,E00178047,E00172259,87.11937218106347
Bradford,E00054631,E00034311,87.02172848396648
Sheffield,E00172405,E00178635,86.96866845646942
Bradford,E00176114,E00034311,86.91817731301668
Bradford,E00177784,E00034311,86.817099768406493
Sheffield,E00041101,E00168091,86.56261669495967
Bristol,E00074009,E00164701,86.489030250565
Bradford,E00054146,E00034311,86.46933377904519
Bradford,E00177764,E00033543,86.44293147898573
Sheffield,E00185205,E00169505,86.22158377009805
Sheffield,E00185242,E00178464,85.66809895822897
Bath,E00072764,E00086818,85.36207552700245
Sheffield,E00185214,E00169558,85.26545616176716
Bradford,E00054626,E00034240,85.14355228780326
Bradford,E00176142,E00063868,84.59700108990748
Bradford,E00177860,E00064150,83.99841075569633
Bradford,E00054223,E00072371,83.10426138854126
Bath,E00072755,E00077306,81.40883525117245
Bath,E00072768,E00077723,81.31967519330422
Bradford,E00054425,E00034933,79.12954611894564
Birmingham,E00175779,E00138031,75.99068360587478
Portsmouth,E00174470,E00161089,75.38983516975277
Birmingham,E00175639,E00187520,75.09755391279899
Sheffield,E00172508,E00173156,74.75317168418874
Birmingham,E00186174,E00173489,74.66721574461496
Birmingham,E00186098,E00173547,74.38096061030745
Birmingham,E00175645,E00173546,74.34958482688378
Birmingham,E00186274,E00173512,73.86591709242684
Birmingham,E00186188,E00187523,73.80165220785479
Birmingham,E00186228,E00189139,73.79168716322066
Birmingham,E00175616,E00187558,73.50586046300012
Birmingham,E00186106,E00070234,73.40304074265315
Birmingham,E00186309,E00173484,73.27782578359407
Birmingham,E00175659,E00069667,73.08313826548034
Birmingham,E00186094,E00070394,73.02517200281441
Birmingham,E00175624,E00187542,72.61692210214358
Portsmouth,E00086016,E00082736,72.43758305288523
Birmingham,E00175654,E00069687,72.43104893339546
Birmingham,E00047468,E00189026,71.84063911123988
Birmingham,E00047467,E00186442,71.7547393683865
Bradford,E00054141,E00063043,71.47167669729876
Birmingham,E00186242,E00187532,71.27168028786912
Sheffield,E00185242,E00185504,70.05484724376412
Bradford,E00176157,E00034825,69.00310792631406
Sheffield,E00172514,E00171674,67.91429428445049
Portsmouth,E00086046,E00085509,67.21664008507359
Sheffield,E00172504,E00181463,66.93432879452676
Bristol,E00073463,E00112581,63.36083569693735
Bristol,E00178086,E00186480,62.41459527510529
Portsmouth,E00179944,E00085733,62.04802157781301
Bristol,E00174046,E00168908,61.62563631002609
Bristol,E00174324,E00168908,60.976696265613406
Bath,E00072581,E00112523,60.968213364422134
Bath,E00072567,E00168911,59.71765596257347
Birmingham,E00186238,E00069125,59.322942590930936
Birmingham,E00175666,E00068971,59.0644666888807
Portsmouth,E00086029,E00077802,59.00577075865448
Bradford,E00054428,E00029627,58.61915807344055
Birmingham,E00175673,E00069380,58.50081944508285
Birmingham,E00175657,E00068999,58.40658216898423
Birmingham,E00175655,E00068971,58.29089549570928
Bradford,E00053631,E00024735,58.18847318472488
Bath,E00073051,E00112660,57.99509820309484
Bradford,E00054421,E00029267,57.796380300267515
Birmingham,E00186272,E00178487,57.75079462334522
Portsmouth,E00086519,E00077801,57.439404699155986
Birmingham,E00186096,E00179849,57.13484317360995
Portsmouth,E00086035,E00180418,56.86370970440491
Birmingham,E00175771,E00168105,56.76493926656951
Birmingham,E00175708,E00068798,56.721059925297496
Portsmouth,E00086032,E00180418,56.48623610943452
Birmingham,E00186116,E00068493,56.280931946857486
Birmingham,E00175634,E00069404,56.27213094483893
Birmingham,E00186225,E00072249,56.147948015879955
Portsmouth,E00086036,E00172754,56.14509600707412
Portsmouth,E00086033,E00180415,56.11102270870504
Portsmouth,E00086055,E00172752,55.99417611754455
Birmingham,E00175663,E00068880,55.964516355966275
Birmingham,E00175620,E00178495,55.839751169324074
Birmingham,E00175760,E00069431,55.72735860685848
Birmingham,E00175773,E00068100,55.711782982580345
Birmingham,E00046660,E00068946,55.42628136467442
Birmingham,E00175649,E00069344,55.41228741686029
Bradford,E00054418,E00029564,55.31449953895025
Birmingham,E00175778,E00068776,54.906205125232006
Birmingham,E00045212,E00068090,54.898325727971496
Bradford,E00053598,E00024506,54.80315683543323
Bradford,E00053630,E00029283,54.51336677380393
Bradford,E00054617,E00026690,54.48960869522788
Bradford,E00177819,E00181473,54.31863448866156
Birmingham,E00175678,E00069282,53.89696361476356
Bradford,E00054592,E00026192,53.86490891104832
Bradford,E00054395,E00029664,53.30414121281522
Sheffield,E00185195,E00181595,53.27160875156838
Birmingham,E00175654,E00069525,53.202620459374906
Birmingham,E00175608,E00068707,52.79990022034868
Bristol,E00074009,E00113403,52.73176749172
Sheffield,E00185257,E00173520,52.167470996357366
Sheffield,E00172407,E00180796,52.08563871124655
Bradford,E00176107,E00029358,51.96252906754142
Sheffield,E00185187,E00180791,51.8839866329632
Sheffield,E00185186,E00070376,51.67635383359374
Sheffield,E00172416,E00173500,51.57780112929608
Sheffield,E00185257,E00180789,51.47416746606623
Portsmouth,E00174455,E00162093,51.228398311550535
Sheffield,E00172415,E00171191,51.059081906356745
Bradford,E00177776,E00026221,51.05517399788193
Bradford,E00054394,E00024441,51.01679251683179
Bradford,E00053626,E00063456,51.01503509933832
Bradford,E00054166,E00024367,51.01121231457808
Bradford,E00177827,E00026563,50.9319035827203
Bradford,E00054400,E00024427,50.92264351297473
Bradford,E00054587,E00180926,50.780736698018416
Sheffield,E00172499,E00180934,50.384722575281145
Portsmouth,E00086033,E00184801,50.35905378921272
Sheffield,E00185184,E00068066,50.34860200748528
Bradford,E00053838,E00024584,50.32210972556252
Bradford,E00176173,E00026769,50.32105170809933
Bradford,E00054391,E00026515,50.22104792405016
Sheffield,E00185261,E00173500,50.196151194204134
Portsmouth,E00086024,E00114714,50.13721481237242
Bradford,E00176157,E00039348,50.088838372733754
Sheffield,E00172447,E00175818,50.078924812211525
Bradford,E00176108,E00025902,49.921224219004436
Sheffield,E00185195,E00058896,49.6905321132726
Bradford,E00054638,E00171673,49.46239718205843
Bradford,E00054409,E00180821,49.382780674320045
Bradford,E00054171,E00025937,49.32523598990986
Bradford,E00053579,E00024831,49.254133680238084
Bradford,E00054210,E00024574,49.183514429527165
Bradford,E00054588,E00168791,49.17495131336472
Bradford,E00054424,E00024870,49.15151080609836
Bradford,E00053589,E00063425,48.953324956315505
Bradford,E00054435,E00028479,48.90689080942482
Bradford,E00177808,E00026281,48.8593330424611
Bradford,E00054579,E00180804,48.67818722070196
Bradford,E00177769,E00024934,48.50517390161491
Sheffield,E00185199,E00057849,48.416771934217884
Sheffield,E00172416,E00057643,48.101264360934785
Bradford,E00053591,E00025611,48.058797493892015
Sheffield,E00172418,E00057632,47.89502995717464
Sheffield,E00172411,E00057856,47.825701621559844
Bradford,E00053838,E00175845,47.81917344540149
Bradford,E00053595,E00039354,47.68255911071041
Sheffield,E00172411,E00058813,47.60701267631218
Bradford,E00053571,E00026451,47.50956927524189
Bradford,E00176141,E00026316,47.442436018651954
Sheffield,E00172499,E00187030,47.41334112737708
Bradford,E00054653,E00026525,47.3826695755374
Bradford,E00176125,E00063735,47.347405283916004
Sheffield,E00185235,E00058870,47.31325723284167
Bradford,E00054139,E00026768,47.118979719123075
Sheffield,E00172429,E00058862,47.066978832398206
Bradford,E00054156,E00172928,47.03267418671659
Bradford,E00177753,E00180776,47.011875141370325
Bradford,E00176160,E00025630,46.642538436905255
Bradford,E00054416,E00067609,46.55218824492525
Bradford,E00054210,E00067893,46.245215537599805
Bradford,E00054350,E00063407,46.129171431641865
Sheffield,E00185221,E00029160,45.64912937664092
Bradford,E00054134,E00026506,45.609894393971544
Bradford,E00176129,E00181626,45.59689385338859
Sheffield,E00185191,E00169805,45.561209377535405
Sheffield,E00172460,E00187143,45.3877158366807
Bradford,E00054416,E00026483,44.240948242517746
Bradford,E00054216,E00025787,43.64002462561276
Bradford,E00053602,E00067417,42.98576988126326
Bradford,E00054133,E00026465,41.81236593597619
Bradford,E00054133,E00027210,41.43030591882677
Bradford,E00053600,E00027167,41.2186039156793
Bradford,E00054387,E00027627,40.82932351953056
Bradford,E00054216,E00027193,40.36414593325784
Bradford,E00053623,E00181758,39.398598333561274
Bradford,E00054142,E00027160,38.840992914052585
Bradford,E00054594,E00027105,38.23804080828073
Bradford,E00054162,E00027000,37.54265820062258
Bradford,E00176108,E00181739,36.74259755390217
Bradford,E00176125,E00181756,36.194654192923174
Sheffield,E00172429,E00178702,35.87448067143592
Bradford,E00054155,E00026989,35.65170803593846
Bradford,E00177753,E00181786,35.053778169172055
Bradford,E00054169,E00168619,34.931683596513054
Bradford,E00177855,E00027415,34.65869372865224
Bradford,E00177825,E00027751,34.33616544120201
Sheffield,E00172445,E00056741,34.19061606714088
Sheffield,E00172513,E00056741,33.63876173956076
Sheffield,E00172413,E00056741,33.582659014313826
Sheffield,E00040908,E00056741,33.52488984302609
Bradford,E00176196,E00028247,33.35532683751613
Bradford,E00054427,E00028174,33.27182981885445
Birmingham,E00186215,E00049127,32.99714650367111
Bradford,E00176158,E00028182,32.84415102057812
Birmingham,E00186254,E00049154,32.234973327063955
Bradford,E00176159,E00027804,32.14543174201021
Bradford,E00177833,E00028174,31.922160348909557
Bradford,E00054217,E00028171,31.548610111493346
Birmingham,E00186228,E00048858,30.02139027467224
Birmingham,E00186240,E00048752,29.696644471574967
Birmingham,E00186255,E00048452,29.1877638346221
Birmingham,E00186113,E00048452,29.00189089922168
Birmingham,E00175658,E00048756,28.870544875074476
Portsmouth,E00086055,E00087104,28.855120787863633
Birmingham,E00186255,E00185087,28.841716356273725
Portsmouth,E00086022,E00086805,28.793312980475857
Birmingham,E00046370,E00172194,28.101266960801784
Birmingham,E00186150,E00048452,27.85867018527936
Portsmouth,E00086038,E00087136,27.774014404195288
Birmingham,E00186150,E00185087,27.512647880429036
Birmingham,E00046393,E00048445,27.4766756774717
Birmingham,E00175733,E00048839,27.315991348438683
Bradford,E00176193,E00056330,27.17987668206417
Portsmouth,E00086039,E00086858,26.770776676990437
Portsmouth,E00086370,E00086836,26.155125761292666
Birmingham,E00046660,E00048445,26.151448561220416
Portsmouth,E00179945,E00086612,26.145207376635575
Portsmouth,E00086022,E00086833,26.10568224250762
Portsmouth,E00179918,E00086857,26.02241050018513
Birmingham,E00186280,E00172171,26.021530235192866
Portsmouth,E00086037,E00086629,25.94669013705111
Portsmouth,E00086056,E00166986,25.58918020516476
Portsmouth,E00179945,E00086629,25.356971116418126
Portsmouth,E00086369,E00186087,24.942394565597812
Portsmouth,E00086038,E00190594,24.463024432486417
Bradford,E00054435,E00057493,24.186008409178545
Portsmouth,E00086035,E00086966,24.02193086413138
Portsmouth,E00086027,E00190538,23.886273262222684
Bradford,E00054135,E00059074,22.608959351274112
Bradford,E00054405,E00059074,22.33665414657111
Bradford,E00054431,E00055846,21.921647793801526
Bradford,E00176149,E00059090,21.53969321006314
Bradford,E00176144,E00056268,21.217976394660035
Portsmouth,E00086055,E00086676,21.116871297561897
Newcastle,E00190004,E00044399,20.547020618517486
Bradford,E00177834,E00056556,20.492807299303518
Portsmouth,E00086369,E00086676,20.23317002601096
Bradford,E00054414,E00057606,20.034394505454177
Bradford,E00176160,E00057625,19.711467923227335
Bradford,E00053631,E00059080,18.519847744458787
Birmingham,E00175676,E00181856,18.308049328155615
Birmingham,E00186106,E00052769,18.16226130738546
Bradford,E00177865,E00178680,17.845884554581936
Bradford,E00177765,E00056624,17.83562789925365
Bradford,E00054136,E00057154,17.485141272891134
Bradford,E00176109,E00057621,17.28997707706746
Bradford,E00054402,E00055973,17.248066791445364
Bradford,E00054428,E00057297,17.138962954712525
Bradford,E00054626,E00056748,17.127079049929325
Bradford,E00054490,E00058017,16.88955762939672
Bradford,E00053579,E00055850,16.88456716764834
Newcastle,E00042583,E00170230,16.484559971666833
Bradford,E00054523,E00169751,16.367391443891734
Bradford,E00054426,E00056999,16.357788566424905
Birmingham,E00175670,E00052773,16.322709804987056
Bradford,E00176174,E00058002,16.25610800810608
Bradford,E00177851,E00169739,16.25354533895005
Bradford,E00177843,E00058808,16.082029995279846
Bradford,E00054154,E00058241,16.001134689844946
Bradford,E00054132,E00057601,15.98911917857661
Birmingham,E00046357,E00052795,15.885742046359768
Bradford,E00177822,E00057627,15.611327724327788
Bradford,E00054434,E00058275,15.51217061543753
Bradford,E00053867,E00175512,15.501340875285273
Bradford,E00054618,E00058264,15.467738400537584
Bradford,E00054214,E00058843,15.313335264688384
Bradford,E00177804,E00055979,15.17930313125841
Bradford,E00054144,E00175522,15.17522800635159
Bradford,E00054410,E00058856,14.880466634124252
Bradford,E00176184,E00058001,14.836393679244107
Bradford,E00054423,E00057856,14.540511253212987
Bradford,E00177866,E00055605,14.508391034727653
Bradford,E00177767,E00058874,14.409865968708655
Bradford,E00054172,E00055920,14.000050898383046
Bradford,E00053592,E00056718,13.823826107700011
Bradford,E00176193,E00056100,13.631274542270242
Bradford,E00054173,E00055632,13.560389869203783
Bradford,E00054180,E00057031,13.281768506621393
Bradford,E00053837,E00057855,13.129409327431
Bradford,E00176112,E00056995,12.806515997336485
Bradford,E00053576,E00169742,12.748640860625505
Bradford,E00176127,E00055976,12.685891209489707
Bradford,E00053600,E00057023,12.5887091487099
Bradford,E00054590,E00055531,12.448470813965091
Birmingham,E00175669,E00050916,11.80540108716852
Bradford,E00176137,E00055593,11.496729849866808
Bradford,E00054570,E00058960,11.448622850924421
Bradford,E00053577,E00057284,10.998659761798207
Bradford,E00054569,E00057858,10.874932047393253
Bradford,E00054215,E00055605,10.57625484250571
Bradford,E00177783,E00057736,9.951288621855365
Bradford,E00054490,E00057727,8.751438728436213
Bradford,E00176143,E00056836,8.585143586796576
Bradford,E00053574,E00056843,8.317626911011383
Newcastle,E00175574,E00042006,8.076228396233464
Bradford,E00176149,E00058498,7.017074765178864
