scheme,quarter_year,group,n_units,mean_injuries,total_injuries,caz_start_q,implementation_period
Bath,2015 Q1,CAZ roads,191,0.054822460732984295,10.47109,2021 Q2,Pre implementation
Bath,2015 Q1,Matched controls,193,0.02974217616580311,5.74024,2021 Q2,Pre implementation
Bath,2015 Q2,CAZ roads,191,0.049085340314136125,9.3753,2021 Q2,Pre implementation
Bath,2015 Q2,Matched controls,193,0.019203730569948188,3.70632,2021 Q2,Pre implementation
Bath,2015 Q3,CAZ roads,191,0.025349267015706806,4.84171,2021 Q2,Pre implementation
Bath,2015 Q3,Matched controls,193,0.048901088082901556,9.43791,2021 Q2,Pre implementation
Bath,2015 Q4,CAZ roads,191,0.07948434554973823,15.18151,2021 Q2,Pre implementation
Bath,2015 Q4,Matched controls,193,0.08928963730569948,17.2329,2021 Q2,Pre implementation
Bath,2016 Q1,CAZ roads,191,0.02985371727748691,5.70206,2021 Q2,Pre implementation
Bath,2016 Q1,Matched controls,193,0.03977523316062176,7.67662,2021 Q2,Pre implementation
Bath,2016 Q2,CAZ roads,191,0.025302303664921467,4.83274,2021 Q2,Pre implementation
Bath,2016 Q2,Matched controls,193,0.03926839378238342,7.5788,2021 Q2,Pre implementation
Bath,2016 Q3,CAZ roads,191,0.05474167539267016,10.45566,2021 Q2,Pre implementation
Bath,2016 Q3,Matched controls,193,0.04580321243523316,8.840019999999999,2021 Q2,Pre implementation
Bath,2016 Q4,CAZ roads,191,0.06020371727748691,11.49891,2021 Q2,Pre implementation
Bath,2016 Q4,Matched controls,193,0.0396960621761658,7.66134,2021 Q2,Pre implementation
Bath,2017 Q1,CAZ roads,191,0.029545497382198953,5.64319,2021 Q2,Pre implementation
Bath,2017 Q1,Matched controls,193,0.07912,15.27016,2021 Q2,Pre implementation
Bath,2017 Q2,CAZ roads,191,0.019457696335078534,3.7164200000000003,2021 Q2,Pre implementation
Bath,2017 Q2,Matched controls,193,0.06463704663212436,12.47495,2021 Q2,Pre implementation
Bath,2017 Q3,CAZ roads,191,0.04433727748691099,8.46842,2021 Q2,Pre implementation
Bath,2017 Q3,Matched controls,193,0.10000621761658031,19.3012,2021 Q2,Pre implementation
Bath,2017 Q4,CAZ roads,191,0.04462445026178011,8.52327,2021 Q2,Pre implementation
Bath,2017 Q4,Matched controls,193,0.04912979274611399,9.482050000000001,2021 Q2,Pre implementation
Bath,2018 Q1,CAZ roads,191,0.06871083769633508,13.12377,2021 Q2,Pre implementation
Bath,2018 Q1,Matched controls,193,0.0498960103626943,9.62993,2021 Q2,Pre implementation
Bath,2018 Q2,CAZ roads,191,0.049577329842931936,9.46927,2021 Q2,Pre implementation
Bath,2018 Q2,Matched controls,193,0.05121518134715026,9.88453,2021 Q2,Pre implementation
Bath,2018 Q3,CAZ roads,191,0.03984780104712042,7.61093,2021 Q2,Pre implementation
Bath,2018 Q3,Matched controls,193,0.0879100518134715,16.966639999999998,2021 Q2,Pre implementation
Bath,2018 Q4,CAZ roads,191,0.049830575916230364,9.51764,2021 Q2,Pre implementation
Bath,2018 Q4,Matched controls,193,0.039610103626943005,7.64475,2021 Q2,Pre implementation
Bath,2019 Q1,CAZ roads,191,0.024599633507853404,4.69853,2021 Q2,Pre implementation
Bath,2019 Q1,Matched controls,193,0.05625088082901555,10.85642,2021 Q2,Pre implementation
Bath,2019 Q2,CAZ roads,191,0.05966753926701571,11.3965,2021 Q2,Pre implementation
Bath,2019 Q2,Matched controls,193,0.09705316062176166,18.73126,2021 Q2,Pre implementation
Bath,2019 Q3,CAZ roads,191,0.06350104712041885,12.1287,2021 Q2,Pre implementation
Bath,2019 Q3,Matched controls,193,0.040472694300518135,7.81123,2021 Q2,Pre implementation
Bath,2019 Q4,CAZ roads,191,0.09616696335078534,18.36789,2021 Q2,Pre implementation
Bath,2019 Q4,Matched controls,193,0.04002300518134715,7.7244399999999995,2021 Q2,Pre implementation
Bath,2020 Q1,CAZ roads,191,0.0345465445026178,6.59839,2021 Q2,Pre implementation
Bath,2020 Q1,Matched controls,193,0.03046585492227979,5.87991,2021 Q2,Pre implementation
Bath,2020 Q2,CAZ roads,191,0.020097225130890052,3.83857,2021 Q2,Pre implementation
Bath,2020 Q2,Matched controls,193,0,0,2021 Q2,Pre implementation
Bath,2020 Q3,CAZ roads,191,0.03446884816753927,6.583550000000001,2021 Q2,Pre implementation
Bath,2020 Q3,Matched controls,193,0.035739948186528495,6.89781,2021 Q2,Pre implementation
Bath,2020 Q4,CAZ roads,191,0.01979759162303665,3.78134,2021 Q2,Pre implementation
Bath,2020 Q4,Matched controls,193,0.029475233160621762,5.68872,2021 Q2,Pre implementation
Bath,2021 Q1,CAZ roads,191,0.005235602094240838,1,2021 Q2,Pre implementation
Bath,2021 Q1,Matched controls,193,0.03626943005181347,7,2021 Q2,Pre implementation
Bath,2021 Q2,CAZ roads,191,0.0048922513089005235,0.93442,2021 Q2,Implementation quarter
Bath,2021 Q2,Matched controls,193,0.02072538860103627,4,2021 Q2,Implementation quarter
Bath,2021 Q3,CAZ roads,191,0.06318518324607329,12.06837,2021 Q2,Post implementation
Bath,2021 Q3,Matched controls,193,0.05181347150259067,10,2021 Q2,Post implementation
Bath,2021 Q4,CAZ roads,191,0.03972801047120419,7.58805,2021 Q2,Post implementation
Bath,2021 Q4,Matched controls,193,0.03603818652849741,6.95537,2021 Q2,Post implementation
Bath,2022 Q1,CAZ roads,191,0.0589579057591623,11.26096,2021 Q2,Post implementation
Bath,2022 Q1,Matched controls,193,0.030947927461139897,5.97295,2021 Q2,Post implementation
Bath,2022 Q2,CAZ roads,191,0.019493821989528797,3.72332,2021 Q2,Post implementation
Bath,2022 Q2,Matched controls,193,0.03936248704663212,7.59696,2021 Q2,Post implementation
Bath,2022 Q3,CAZ roads,191,0.02458151832460733,4.69507,2021 Q2,Post implementation
Bath,2022 Q3,Matched controls,193,0.025906735751295335,5,2021 Q2,Post implementation
Bath,2022 Q4,CAZ roads,191,0.015278848167539267,2.91826,2021 Q2,Post implementation
Bath,2022 Q4,Matched controls,193,0.015139326424870467,2.92189,2021 Q2,Post implementation
Bath,2023 Q1,CAZ roads,191,0.009552774869109947,1.82458,2021 Q2,Post implementation
Bath,2023 Q1,Matched controls,193,0.024963471502590675,4.81795,2021 Q2,Post implementation
Bath,2023 Q2,CAZ roads,191,0,0,2021 Q2,Post implementation
Bath,2023 Q2,Matched controls,193,0.015348290155440415,2.9622200000000003,2021 Q2,Post implementation
Bath,2023 Q3,CAZ roads,191,0.02885649214659686,5.51159,2021 Q2,Post implementation
Bath,2023 Q3,Matched controls,193,0.061414559585492225,11.85301,2021 Q2,Post implementation
Bath,2023 Q4,CAZ roads,191,0.009701465968586388,1.85298,2021 Q2,Post implementation
Bath,2023 Q4,Matched controls,193,0.03551,6.85343,2021 Q2,Post implementation
Bath,2024 Q1,CAZ roads,191,0.01553062827225131,2.9663500000000003,2021 Q2,Post implementation
Bath,2024 Q1,Matched controls,193,0.04335419689119171,8.36736,2021 Q2,Post implementation
Bath,2024 Q2,CAZ roads,191,0.029381151832460733,5.6118,2021 Q2,Post implementation
Bath,2024 Q2,Matched controls,193,0.061097046632124355,11.79173,2021 Q2,Post implementation
Bath,2024 Q3,CAZ roads,191,0.06455439790575916,12.32989,2021 Q2,Post implementation
Bath,2024 Q3,Matched controls,193,0.0356339378238342,6.87735,2021 Q2,Post implementation
Bath,2024 Q4,CAZ roads,191,0.009705811518324607,1.85381,2021 Q2,Post implementation
Bath,2024 Q4,Matched controls,193,0.010362694300518135,2,2021 Q2,Post implementation
Birmingham,2015 Q1,CAZ roads,1239,0.09808274414850686,121.52452,2021 Q3,Pre implementation
Birmingham,2015 Q1,Matched controls,1970,0.07354411167512691,144.8819,2021 Q3,Pre implementation
Birmingham,2015 Q2,CAZ roads,1239,0.0763821549636804,94.63749,2021 Q3,Pre implementation
Birmingham,2015 Q2,Matched controls,1970,0.08426440101522843,166.00087,2021 Q3,Pre implementation
Birmingham,2015 Q3,CAZ roads,1239,0.09565029055690073,118.51071,2021 Q3,Pre implementation
Birmingham,2015 Q3,Matched controls,1970,0.07078196954314721,139.44048,2021 Q3,Pre implementation
Birmingham,2015 Q4,CAZ roads,1239,0.08303974979822437,102.88625,2021 Q3,Pre implementation
Birmingham,2015 Q4,Matched controls,1970,0.09288176142131979,182.97707,2021 Q3,Pre implementation
Birmingham,2016 Q1,CAZ roads,1239,0.09120258272800645,113,2021 Q3,Pre implementation
Birmingham,2016 Q1,Matched controls,1970,0.0701514923857868,138.19844,2021 Q3,Pre implementation
Birmingham,2016 Q2,CAZ roads,1239,0.08151735270379339,101,2021 Q3,Pre implementation
Birmingham,2016 Q2,Matched controls,1970,0.07191834010152284,141.67913,2021 Q3,Pre implementation
Birmingham,2016 Q3,CAZ roads,1239,0.08797417271993543,109,2021 Q3,Pre implementation
Birmingham,2016 Q3,Matched controls,1970,0.09282197969543148,182.8593,2021 Q3,Pre implementation
Birmingham,2016 Q4,CAZ roads,1239,0.0847457627118644,105,2021 Q3,Pre implementation
Birmingham,2016 Q4,Matched controls,1970,0.08830489847715736,173.96065,2021 Q3,Pre implementation
Birmingham,2017 Q1,CAZ roads,1239,0.06376109765940274,79,2021 Q3,Pre implementation
Birmingham,2017 Q1,Matched controls,1970,0.09722975634517766,191.54262,2021 Q3,Pre implementation
Birmingham,2017 Q2,CAZ roads,1239,0.09846650524616626,122,2021 Q3,Pre implementation
Birmingham,2017 Q2,Matched controls,1970,0.07230036040609138,142.43171,2021 Q3,Pre implementation
Birmingham,2017 Q3,CAZ roads,1239,0.07263922518159806,90,2021 Q3,Pre implementation
Birmingham,2017 Q3,Matched controls,1970,0.08913523350253807,175.59641,2021 Q3,Pre implementation
Birmingham,2017 Q4,CAZ roads,1239,0.09765940274414851,121,2021 Q3,Pre implementation
Birmingham,2017 Q4,Matched controls,1970,0.08787913705583757,173.1219,2021 Q3,Pre implementation
Birmingham,2018 Q1,CAZ roads,1239,0.08555286521388217,106,2021 Q3,Pre implementation
Birmingham,2018 Q1,Matched controls,1970,0.08591794923857868,169.25836,2021 Q3,Pre implementation
Birmingham,2018 Q2,CAZ roads,1239,0.07667473769168684,95,2021 Q3,Pre implementation
Birmingham,2018 Q2,Matched controls,1970,0.06713177664974619,132.2496,2021 Q3,Pre implementation
Birmingham,2018 Q3,CAZ roads,1239,0.07990314769975787,99,2021 Q3,Pre implementation
Birmingham,2018 Q3,Matched controls,1970,0.06699728934010152,131.98466,2021 Q3,Pre implementation
Birmingham,2018 Q4,CAZ roads,1239,0.11057304277643261,137,2021 Q3,Pre implementation
Birmingham,2018 Q4,Matched controls,1970,0.07566435532994924,149.05878,2021 Q3,Pre implementation
Birmingham,2019 Q1,CAZ roads,1239,0.09362389023405973,116,2021 Q3,Pre implementation
Birmingham,2019 Q1,Matched controls,1970,0.048572812182741114,95.68844,2021 Q3,Pre implementation
Birmingham,2019 Q2,CAZ roads,1239,0.08151735270379339,101,2021 Q3,Pre implementation
Birmingham,2019 Q2,Matched controls,1970,0.07484252791878172,147.43978,2021 Q3,Pre implementation
Birmingham,2019 Q3,CAZ roads,1239,0.07263922518159806,90,2021 Q3,Pre implementation
Birmingham,2019 Q3,Matched controls,1970,0.05489297969543147,108.13917000000001,2021 Q3,Pre implementation
Birmingham,2019 Q4,CAZ roads,1239,0.08958837772397095,111,2021 Q3,Pre implementation
Birmingham,2019 Q4,Matched controls,1970,0.07688978172588833,151.47287,2021 Q3,Pre implementation
Birmingham,2020 Q1,CAZ roads,1239,0.07021791767554479,87,2021 Q3,Pre implementation
Birmingham,2020 Q1,Matched controls,1970,0.04806093908629441,94.68005,2021 Q3,Pre implementation
Birmingham,2020 Q2,CAZ roads,1239,0.011299435028248588,14,2021 Q3,Pre implementation
Birmingham,2020 Q2,Matched controls,1970,0.02019222842639594,39.77869,2021 Q3,Pre implementation
Birmingham,2020 Q3,CAZ roads,1239,0.0516545601291364,64,2021 Q3,Pre implementation
Birmingham,2020 Q3,Matched controls,1970,0.04726802030456853,93.118,2021 Q3,Pre implementation
Birmingham,2020 Q4,CAZ roads,1239,0.048426150121065374,60,2021 Q3,Pre implementation
Birmingham,2020 Q4,Matched controls,1970,0.061176659898477155,120.51802,2021 Q3,Pre implementation
Birmingham,2021 Q1,CAZ roads,1239,0.05084745762711865,63,2021 Q3,Pre implementation
Birmingham,2021 Q1,Matched controls,1970,0.027341624365482233,53.863,2021 Q3,Pre implementation
Birmingham,2021 Q2,CAZ roads,1239,0.05084745762711865,63,2021 Q3,Pre implementation
Birmingham,2021 Q2,Matched controls,1970,0.05914871573604061,116.52297,2021 Q3,Pre implementation
Birmingham,2021 Q3,CAZ roads,1239,0.06941081517352704,86,2021 Q3,Implementation quarter
Birmingham,2021 Q3,Matched controls,1970,0.055363350253807106,109.0658,2021 Q3,Implementation quarter
Birmingham,2021 Q4,CAZ roads,1239,0.0774818401937046,96,2021 Q3,Post implementation
Birmingham,2021 Q4,Matched controls,1970,0.08663742639593909,170.67573,2021 Q3,Post implementation
Birmingham,2022 Q1,CAZ roads,1239,0.07586763518966909,94,2021 Q3,Post implementation
Birmingham,2022 Q1,Matched controls,1970,0.04238595939086295,83.50034,2021 Q3,Post implementation
Birmingham,2022 Q2,CAZ roads,1239,0.05811138014527845,72,2021 Q3,Post implementation
Birmingham,2022 Q2,Matched controls,1970,0.059195233502538074,116.61461,2021 Q3,Post implementation
Birmingham,2022 Q3,CAZ roads,1239,0.07344632768361582,91,2021 Q3,Post implementation
Birmingham,2022 Q3,Matched controls,1970,0.049540355329949236,97.5945,2021 Q3,Post implementation
Birmingham,2022 Q4,CAZ roads,1239,0.07586763518966909,94,2021 Q3,Post implementation
Birmingham,2022 Q4,Matched controls,1970,0.05639190355329949,111.09205,2021 Q3,Post implementation
Birmingham,2023 Q1,CAZ roads,1239,0.05972558514931396,74,2021 Q3,Post implementation
Birmingham,2023 Q1,Matched controls,1970,0.0458369847715736,90.29886,2021 Q3,Post implementation
Birmingham,2023 Q2,CAZ roads,1239,0.06053268765133172,75,2021 Q3,Post implementation
Birmingham,2023 Q2,Matched controls,1970,0.05607320812182741,110.46422,2021 Q3,Post implementation
Birmingham,2023 Q3,CAZ roads,1239,0.043583535108958835,54,2021 Q3,Post implementation
Birmingham,2023 Q3,Matched controls,1970,0.04928969035532995,97.10069,2021 Q3,Post implementation
Birmingham,2023 Q4,CAZ roads,1239,0.05004035512510089,62,2021 Q3,Post implementation
Birmingham,2023 Q4,Matched controls,1970,0.0562738730964467,110.85953,2021 Q3,Post implementation
Birmingham,2024 Q1,CAZ roads,1239,0.058918482647296204,73,2021 Q3,Post implementation
Birmingham,2024 Q1,Matched controls,1970,0.04673184771573604,92.06174,2021 Q3,Post implementation
Birmingham,2024 Q2,CAZ roads,1239,0.06860371267150928,85,2021 Q3,Post implementation
Birmingham,2024 Q2,Matched controls,1970,0.05129589340101523,101.05291,2021 Q3,Post implementation
Birmingham,2024 Q3,CAZ roads,1239,0.058918482647296204,73,2021 Q3,Post implementation
Birmingham,2024 Q3,Matched controls,1970,0.053180197969543146,104.76499,2021 Q3,Post implementation
Birmingham,2024 Q4,CAZ roads,1239,0.08716707021791767,108,2021 Q3,Post implementation
Birmingham,2024 Q4,Matched controls,1970,0.04888920812182741,96.31174,2021 Q3,Post implementation
Bradford,2015 Q1,CAZ roads,2055,0.07064646228710462,145.17848,2022 Q4,Pre implementation
Bradford,2015 Q1,Matched controls,8451,0.06737931960714709,569.42263,2022 Q4,Pre implementation
Bradford,2015 Q2,CAZ roads,2055,0.06846296836982968,140.6914,2022 Q4,Pre implementation
Bradford,2015 Q2,Matched controls,8451,0.05877160099396521,496.6788,2022 Q4,Pre implementation
Bradford,2015 Q3,CAZ roads,2055,0.06408951824817519,131.70396,2022 Q4,Pre implementation
Bradford,2015 Q3,Matched controls,8451,0.07228836587386109,610.90898,2022 Q4,Pre implementation
Bradford,2015 Q4,CAZ roads,2055,0.07766227250608272,159.59597,2022 Q4,Pre implementation
Bradford,2015 Q4,Matched controls,8451,0.0722871849485268,610.899,2022 Q4,Pre implementation
Bradford,2016 Q1,CAZ roads,2055,0.07556862773722628,155.29353,2022 Q4,Pre implementation
Bradford,2016 Q1,Matched controls,8451,0.07241548929120814,611.9833,2022 Q4,Pre implementation
Bradford,2016 Q2,CAZ roads,2055,0.05095263260340633,104.70766,2022 Q4,Pre implementation
Bradford,2016 Q2,Matched controls,8451,0.0590247225180452,498.81793,2022 Q4,Pre implementation
Bradford,2016 Q3,CAZ roads,2055,0.07559245742092457,155.3425,2022 Q4,Pre implementation
Bradford,2016 Q3,Matched controls,8451,0.06577843332150042,555.89354,2022 Q4,Pre implementation
Bradford,2016 Q4,CAZ roads,2055,0.06726224817518248,138.22392,2022 Q4,Pre implementation
Bradford,2016 Q4,Matched controls,8451,0.06888022719204828,582.1068,2022 Q4,Pre implementation
Bradford,2017 Q1,CAZ roads,2055,0.05634833090024331,115.79582,2022 Q4,Pre implementation
Bradford,2017 Q1,Matched controls,8451,0.06869026505738966,580.50143,2022 Q4,Pre implementation
Bradford,2017 Q2,CAZ roads,2055,0.0553658102189781,113.77674,2022 Q4,Pre implementation
Bradford,2017 Q2,Matched controls,8451,0.05855637557685481,494.85993,2022 Q4,Pre implementation
Bradford,2017 Q3,CAZ roads,2055,0.0677790608272506,139.28597,2022 Q4,Pre implementation
Bradford,2017 Q3,Matched controls,8451,0.06043472961779671,510.7339,2022 Q4,Pre implementation
Bradford,2017 Q4,CAZ roads,2055,0.05944841362530413,122.16649,2022 Q4,Pre implementation
Bradford,2017 Q4,Matched controls,8451,0.0647305750798722,547.03809,2022 Q4,Pre implementation
Bradford,2018 Q1,CAZ roads,2055,0.0457018102189781,93.91722,2022 Q4,Pre implementation
Bradford,2018 Q1,Matched controls,8451,0.052115375695184,440.42704,2022 Q4,Pre implementation
Bradford,2018 Q2,CAZ roads,2055,0.05057916301703163,103.94018,2022 Q4,Pre implementation
Bradford,2018 Q2,Matched controls,8451,0.05562867707963555,470.11795,2022 Q4,Pre implementation
Bradford,2018 Q3,CAZ roads,2055,0.052154885644768854,107.17829,2022 Q4,Pre implementation
Bradford,2018 Q3,Matched controls,8451,0.052191573778251094,441.07099,2022 Q4,Pre implementation
Bradford,2018 Q4,CAZ roads,2055,0.06527816545012166,134.14663,2022 Q4,Pre implementation
Bradford,2018 Q4,Matched controls,8451,0.06012102828067684,508.08281,2022 Q4,Pre implementation
Bradford,2019 Q1,CAZ roads,2055,0.04114500729927007,84.55299000000001,2022 Q4,Pre implementation
Bradford,2019 Q1,Matched controls,8451,0.046971524079990536,396.95635,2022 Q4,Pre implementation
Bradford,2019 Q2,CAZ roads,2055,0.04719957664233577,96.99513,2022 Q4,Pre implementation
Bradford,2019 Q2,Matched controls,8451,0.04672942018696012,394.91033,2022 Q4,Pre implementation
Bradford,2019 Q3,CAZ roads,2055,0.04032070072992701,82.85904,2022 Q4,Pre implementation
Bradford,2019 Q3,Matched controls,8451,0.0500161460182227,422.68645,2022 Q4,Pre implementation
Bradford,2019 Q4,CAZ roads,2055,0.04629729927007299,95.14095,2022 Q4,Pre implementation
Bradford,2019 Q4,Matched controls,8451,0.054654995858478286,461.88937,2022 Q4,Pre implementation
Bradford,2020 Q1,CAZ roads,2055,0.050540209245742096,103.86013,2022 Q4,Pre implementation
Bradford,2020 Q1,Matched controls,8451,0.04729926399242693,399.72608,2022 Q4,Pre implementation
Bradford,2020 Q2,CAZ roads,2055,0.020823503649635037,42.7923,2022 Q4,Pre implementation
Bradford,2020 Q2,Matched controls,8451,0.022802642290853152,192.70513,2022 Q4,Pre implementation
Bradford,2020 Q3,CAZ roads,2055,0.03165656447688565,65.05424,2022 Q4,Pre implementation
Bradford,2020 Q3,Matched controls,8451,0.03894863329783457,329.1549,2022 Q4,Pre implementation
Bradford,2020 Q4,CAZ roads,2055,0.03441230170316302,70.71728,2022 Q4,Pre implementation
Bradford,2020 Q4,Matched controls,8451,0.04055365518873506,342.71894,2022 Q4,Pre implementation
Bradford,2021 Q1,CAZ roads,2055,0.030778939172749393,63.25072,2022 Q4,Pre implementation
Bradford,2021 Q1,Matched controls,8451,0.024887147083185422,210.32128,2022 Q4,Pre implementation
Bradford,2021 Q2,CAZ roads,2055,0.06893026763990268,141.6517,2022 Q4,Pre implementation
Bradford,2021 Q2,Matched controls,8451,0.069472037628683,587.10819,2022 Q4,Pre implementation
Bradford,2021 Q3,CAZ roads,2055,0.08029197080291971,165,2022 Q4,Pre implementation
Bradford,2021 Q3,Matched controls,8451,0.06076780736007573,513.54874,2022 Q4,Pre implementation
Bradford,2021 Q4,CAZ roads,2055,0.06228710462287105,128,2022 Q4,Pre implementation
Bradford,2021 Q4,Matched controls,8451,0.07392955863211455,624.7787,2022 Q4,Pre implementation
Bradford,2022 Q1,CAZ roads,2055,0.061313868613138686,126,2022 Q4,Pre implementation
Bradford,2022 Q1,Matched controls,8451,0.04228377825109454,357.34021,2022 Q4,Pre implementation
Bradford,2022 Q2,CAZ roads,2055,0.052554744525547446,108,2022 Q4,Pre implementation
Bradford,2022 Q2,Matched controls,8451,0.04582871021180925,387.29843,2022 Q4,Pre implementation
Bradford,2022 Q3,CAZ roads,2055,0.05206812652068127,107,2022 Q4,Pre implementation
Bradford,2022 Q3,Matched controls,8451,0.05540375813513194,468.21716,2022 Q4,Pre implementation
Bradford,2022 Q4,CAZ roads,2055,0.06715328467153285,138,2022 Q4,Implementation quarter
Bradford,2022 Q4,Matched controls,8451,0.0487122861199858,411.66753,2022 Q4,Implementation quarter
Bradford,2023 Q1,CAZ roads,2055,0.05596107055961071,115,2022 Q4,Post implementation
Bradford,2023 Q1,Matched controls,8451,0.039642549994083544,335.01919,2022 Q4,Post implementation
Bradford,2023 Q2,CAZ roads,2055,0.06228710462287105,128,2022 Q4,Post implementation
Bradford,2023 Q2,Matched controls,8451,0.046488891255472724,392.87762,2022 Q4,Post implementation
Bradford,2023 Q3,CAZ roads,2055,0.058394160583941604,120,2022 Q4,Post implementation
Bradford,2023 Q3,Matched controls,8451,0.04447795172168974,375.88317,2022 Q4,Post implementation
Bradford,2023 Q4,CAZ roads,2055,0.05060827250608273,104,2022 Q4,Post implementation
Bradford,2023 Q4,Matched controls,8451,0.05050931487397941,426.85422,2022 Q4,Post implementation
Bradford,2024 Q1,CAZ roads,2055,0.05936739659367397,122,2022 Q4,Post implementation
Bradford,2024 Q1,Matched controls,8451,0.045616091586794465,385.50159,2022 Q4,Post implementation
Bradford,2024 Q2,CAZ roads,2055,0.05693430656934306,117,2022 Q4,Post implementation
Bradford,2024 Q2,Matched controls,8451,0.0433919855638386,366.70567,2022 Q4,Post implementation
Bradford,2024 Q3,CAZ roads,2055,0.051094890510948905,105,2022 Q4,Post implementation
Bradford,2024 Q3,Matched controls,8451,0.044932470713525026,379.72431,2022 Q4,Post implementation
Bradford,2024 Q4,CAZ roads,2055,0.06423357664233577,132,2022 Q4,Post implementation
Bradford,2024 Q4,Matched controls,8451,0.04947827357709147,418.14089,2022 Q4,Post implementation
Bristol,2015 Q1,CAZ roads,463,0.068379719222462207,31.65981,2023 Q1,Pre implementation
Bristol,2015 Q1,Matched controls,1163,0.07285895958727429,84.73497,2023 Q1,Pre implementation
Bristol,2015 Q2,CAZ roads,463,0.061055313174946,28.26861,2023 Q1,Pre implementation
Bristol,2015 Q2,Matched controls,1163,0.06186632846087704,71.95054,2023 Q1,Pre implementation
Bristol,2015 Q3,CAZ roads,463,0.06144788336933045,28.45037,2023 Q1,Pre implementation
Bristol,2015 Q3,Matched controls,1163,0.06687545141874462,77.77615,2023 Q1,Pre implementation
Bristol,2015 Q4,CAZ roads,463,0.05485352051835853,25.39718,2023 Q1,Pre implementation
Bristol,2015 Q4,Matched controls,1163,0.10394660361134996,120.8899,2023 Q1,Pre implementation
Bristol,2016 Q1,CAZ roads,463,0.06112961123110151,28.30301,2023 Q1,Pre implementation
Bristol,2016 Q1,Matched controls,1163,0.07550895958727429,87.81692,2023 Q1,Pre implementation
Bristol,2016 Q2,CAZ roads,463,0.06803764578833693,31.50143,2023 Q1,Pre implementation
Bristol,2016 Q2,Matched controls,1163,0.08406525365434221,97.76789,2023 Q1,Pre implementation
Bristol,2016 Q3,CAZ roads,463,0.06643207343412527,30.75805,2023 Q1,Pre implementation
Bristol,2016 Q3,Matched controls,1163,0.07080173688736027,82.34242,2023 Q1,Pre implementation
Bristol,2016 Q4,CAZ roads,463,0.07848144708423326,36.33691,2023 Q1,Pre implementation
Bristol,2016 Q4,Matched controls,1163,0.07600075666380052,88.38888,2023 Q1,Pre implementation
Bristol,2017 Q1,CAZ roads,463,0.06900561555075593,31.9496,2023 Q1,Pre implementation
Bristol,2017 Q1,Matched controls,1163,0.06516932932072227,75.79193,2023 Q1,Pre implementation
Bristol,2017 Q2,CAZ roads,463,0.07213140388768899,33.39684,2023 Q1,Pre implementation
Bristol,2017 Q2,Matched controls,1163,0.07244214961306965,84.25022,2023 Q1,Pre implementation
Bristol,2017 Q3,CAZ roads,463,0.038959589632829375,18.03829,2023 Q1,Pre implementation
Bristol,2017 Q3,Matched controls,1163,0.07396785898538263,86.02462,2023 Q1,Pre implementation
Bristol,2017 Q4,CAZ roads,463,0.07965747300215983,36.88141,2023 Q1,Pre implementation
Bristol,2017 Q4,Matched controls,1163,0.08778414445399828,102.09296,2023 Q1,Pre implementation
Bristol,2018 Q1,CAZ roads,463,0.05106244060475162,23.64191,2023 Q1,Pre implementation
Bristol,2018 Q1,Matched controls,1163,0.058955597592433365,68.56536,2023 Q1,Pre implementation
Bristol,2018 Q2,CAZ roads,463,0.09104883369330453,42.15561,2023 Q1,Pre implementation
Bristol,2018 Q2,Matched controls,1163,0.054418082545141876,63.28823,2023 Q1,Pre implementation
Bristol,2018 Q3,CAZ roads,463,0.0826437796976242,38.264070000000004,2023 Q1,Pre implementation
Bristol,2018 Q3,Matched controls,1163,0.05542744625967326,64.46212,2023 Q1,Pre implementation
Bristol,2018 Q4,CAZ roads,463,0.08124315334773217,37.61558,2023 Q1,Pre implementation
Bristol,2018 Q4,Matched controls,1163,0.06073364574376612,70.63323,2023 Q1,Pre implementation
Bristol,2019 Q1,CAZ roads,463,0.06969194384449244,32.26737,2023 Q1,Pre implementation
Bristol,2019 Q1,Matched controls,1163,0.06779417884780739,78.84463,2023 Q1,Pre implementation
Bristol,2019 Q2,CAZ roads,463,0.0783707343412527,36.28565,2023 Q1,Pre implementation
Bristol,2019 Q2,Matched controls,1163,0.05598907996560619,65.1153,2023 Q1,Pre implementation
Bristol,2019 Q3,CAZ roads,463,0.07985533477321814,36.97302,2023 Q1,Pre implementation
Bristol,2019 Q3,Matched controls,1163,0.06963411865864144,80.98447999999999,2023 Q1,Pre implementation
Bristol,2019 Q4,CAZ roads,463,0.05667051835853132,26.23845,2023 Q1,Pre implementation
Bristol,2019 Q4,Matched controls,1163,0.05550919174548581,64.55719,2023 Q1,Pre implementation
Bristol,2020 Q1,CAZ roads,463,0.03862572354211663,17.88371,2023 Q1,Pre implementation
Bristol,2020 Q1,Matched controls,1163,0.04775054170249355,55.533879999999996,2023 Q1,Pre implementation
Bristol,2020 Q2,CAZ roads,463,0.018266436285097193,8.45736,2023 Q1,Pre implementation
Bristol,2020 Q2,Matched controls,1163,0.02401701633705933,27.93179,2023 Q1,Pre implementation
Bristol,2020 Q3,CAZ roads,463,0.051059589632829375,23.64059,2023 Q1,Pre implementation
Bristol,2020 Q3,Matched controls,1163,0.04780848667239897,55.60127,2023 Q1,Pre implementation
Bristol,2020 Q4,CAZ roads,463,0.022567235421166308,10.44863,2023 Q1,Pre implementation
Bristol,2020 Q4,Matched controls,1163,0.03162985382631126,36.78552,2023 Q1,Pre implementation
Bristol,2021 Q1,CAZ roads,463,0.0227177969762419,10.51834,2023 Q1,Pre implementation
Bristol,2021 Q1,Matched controls,1163,0.02893134135855546,33.64715,2023 Q1,Pre implementation
Bristol,2021 Q2,CAZ roads,463,0.04295066954643628,19.88616,2023 Q1,Pre implementation
Bristol,2021 Q2,Matched controls,1163,0.04100049871023216,47.68358,2023 Q1,Pre implementation
Bristol,2021 Q3,CAZ roads,463,0.03669334773218143,16.98902,2023 Q1,Pre implementation
Bristol,2021 Q3,Matched controls,1163,0.04735840068787618,55.07782,2023 Q1,Pre implementation
Bristol,2021 Q4,CAZ roads,463,0.06555347732181425,30.35126,2023 Q1,Pre implementation
Bristol,2021 Q4,Matched controls,1163,0.07769219260533104,90.35602,2023 Q1,Pre implementation
Bristol,2022 Q1,CAZ roads,463,0.03845205183585313,17.8033,2023 Q1,Pre implementation
Bristol,2022 Q1,Matched controls,1163,0.042901246775580396,49.894149999999996,2023 Q1,Pre implementation
Bristol,2022 Q2,CAZ roads,463,0.08225583153347732,38.08445,2023 Q1,Pre implementation
Bristol,2022 Q2,Matched controls,1163,0.053432175408426485,62.14162,2023 Q1,Pre implementation
Bristol,2022 Q3,CAZ roads,463,0.049905680345572356,23.10633,2023 Q1,Pre implementation
Bristol,2022 Q3,Matched controls,1163,0.0492303611349957,57.25491,2023 Q1,Pre implementation
Bristol,2022 Q4,CAZ roads,463,0.040925161987041034,18.94835,2023 Q1,Pre implementation
Bristol,2022 Q4,Matched controls,1163,0.061053396388650046,71.0051,2023 Q1,Pre implementation
Bristol,2023 Q1,CAZ roads,463,0.06063686825053996,28.07487,2023 Q1,Implementation quarter
Bristol,2023 Q1,Matched controls,1163,0.05945392089423904,69.14491,2023 Q1,Implementation quarter
Bristol,2023 Q2,CAZ roads,463,0.06371257019438445,29.498920000000002,2023 Q1,Post implementation
Bristol,2023 Q2,Matched controls,1163,0.051399251934651766,59.77733,2023 Q1,Post implementation
Bristol,2023 Q3,CAZ roads,463,0.033042008639308854,15.29845,2023 Q1,Post implementation
Bristol,2023 Q3,Matched controls,1163,0.04725244196044712,54.95459,2023 Q1,Post implementation
Bristol,2023 Q4,CAZ roads,463,0.04330676025917927,20.05103,2023 Q1,Post implementation
Bristol,2023 Q4,Matched controls,1163,0.06050663800515907,70.36922,2023 Q1,Post implementation
Bristol,2024 Q1,CAZ roads,463,0.045381360691144706,21.01157,2023 Q1,Post implementation
Bristol,2024 Q1,Matched controls,1163,0.031192674118658642,36.27708,2023 Q1,Post implementation
Bristol,2024 Q2,CAZ roads,463,0.04578207343412527,21.1971,2023 Q1,Post implementation
Bristol,2024 Q2,Matched controls,1163,0.034078435081685295,39.63322,2023 Q1,Post implementation
Bristol,2024 Q3,CAZ roads,463,0.04830231101511879,22.36397,2023 Q1,Post implementation
Bristol,2024 Q3,Matched controls,1163,0.03159030094582975,36.73952,2023 Q1,Post implementation
Bristol,2024 Q4,CAZ roads,463,0.05302136069114471,24.54889,2023 Q1,Post implementation
Bristol,2024 Q4,Matched controls,1163,0.04075276010318143,47.39546,2023 Q1,Post implementation
Newcastle,2015 Q1,CAZ roads,440,0.054607022727272726,24.02709,2023 Q3,Pre implementation
Newcastle,2015 Q1,Matched controls,1308,0.07343155198776759,96.04847,2023 Q3,Pre implementation
Newcastle,2015 Q2,CAZ roads,440,0.0904460909090909,39.79628,2023 Q3,Pre implementation
Newcastle,2015 Q2,Matched controls,1308,0.07667290519877676,100.28816,2023 Q3,Pre implementation
Newcastle,2015 Q3,CAZ roads,440,0.08851834090909091,38.94807,2023 Q3,Pre implementation
Newcastle,2015 Q3,Matched controls,1308,0.06284892966360857,82.2064,2023 Q3,Pre implementation
Newcastle,2015 Q4,CAZ roads,440,0.0983309090909091,43.2656,2023 Q3,Pre implementation
Newcastle,2015 Q4,Matched controls,1308,0.076449250764526,99.99562,2023 Q3,Pre implementation
Newcastle,2016 Q1,CAZ roads,440,0.07932115909090909,34.90131,2023 Q3,Pre implementation
Newcastle,2016 Q1,Matched controls,1308,0.09231808103975535,120.75205,2023 Q3,Pre implementation
Newcastle,2016 Q2,CAZ roads,440,0.0659090909090909,29,2023 Q3,Pre implementation
Newcastle,2016 Q2,Matched controls,1308,0.08833491590214067,115.54207,2023 Q3,Pre implementation
Newcastle,2016 Q3,CAZ roads,440,0.07045454545454545,31,2023 Q3,Pre implementation
Newcastle,2016 Q3,Matched controls,1308,0.0755450382262997,98.81291,2023 Q3,Pre implementation
Newcastle,2016 Q4,CAZ roads,440,0.14545454545454545,64,2023 Q3,Pre implementation
Newcastle,2016 Q4,Matched controls,1308,0.08341762232415902,109.11025000000001,2023 Q3,Pre implementation
Newcastle,2017 Q1,CAZ roads,440,0.05454545454545454,24,2023 Q3,Pre implementation
Newcastle,2017 Q1,Matched controls,1308,0.0967143119266055,126.50232,2023 Q3,Pre implementation
Newcastle,2017 Q2,CAZ roads,440,0.08181818181818182,36,2023 Q3,Pre implementation
Newcastle,2017 Q2,Matched controls,1308,0.060164747706422016,78.69548999999999,2023 Q3,Pre implementation
Newcastle,2017 Q3,CAZ roads,440,0.06136363636363636,27,2023 Q3,Pre implementation
Newcastle,2017 Q3,Matched controls,1308,0.09373521406727829,122.60566,2023 Q3,Pre implementation
Newcastle,2017 Q4,CAZ roads,440,0.05909090909090909,26,2023 Q3,Pre implementation
Newcastle,2017 Q4,Matched controls,1308,0.08874359327217125,116.07662,2023 Q3,Pre implementation
Newcastle,2018 Q1,CAZ roads,440,0.07272727272727272,32,2023 Q3,Pre implementation
Newcastle,2018 Q1,Matched controls,1308,0.05276229357798165,69.01308,2023 Q3,Pre implementation
Newcastle,2018 Q2,CAZ roads,440,0.07727272727272727,34,2023 Q3,Pre implementation
Newcastle,2018 Q2,Matched controls,1308,0.06496937308868501,84.97994,2023 Q3,Pre implementation
Newcastle,2018 Q3,CAZ roads,440,0.06136363636363636,27,2023 Q3,Pre implementation
Newcastle,2018 Q3,Matched controls,1308,0.08421957951070336,110.15921,2023 Q3,Pre implementation
Newcastle,2018 Q4,CAZ roads,440,0.07727272727272727,34,2023 Q3,Pre implementation
Newcastle,2018 Q4,Matched controls,1308,0.07604002293577981,99.46035,2023 Q3,Pre implementation
Newcastle,2019 Q1,CAZ roads,440,0.08863636363636364,39,2023 Q3,Pre implementation
Newcastle,2019 Q1,Matched controls,1308,0.057599441896024464,75.34007,2023 Q3,Pre implementation
Newcastle,2019 Q2,CAZ roads,440,0.056818181818181816,25,2023 Q3,Pre implementation
Newcastle,2019 Q2,Matched controls,1308,0.07752386085626911,101.40121,2023 Q3,Pre implementation
Newcastle,2019 Q3,CAZ roads,440,0.05909090909090909,26,2023 Q3,Pre implementation
Newcastle,2019 Q3,Matched controls,1308,0.0770274617737003,100.75192,2023 Q3,Pre implementation
Newcastle,2019 Q4,CAZ roads,440,0.07727272727272727,34,2023 Q3,Pre implementation
Newcastle,2019 Q4,Matched controls,1308,0.06596172782874618,86.27794,2023 Q3,Pre implementation
Newcastle,2020 Q1,CAZ roads,440,0.045454545454545456,20,2023 Q3,Pre implementation
Newcastle,2020 Q1,Matched controls,1308,0.04730746177370031,61.87816,2023 Q3,Pre implementation
Newcastle,2020 Q2,CAZ roads,440,0.011363636363636364,5,2023 Q3,Pre implementation
Newcastle,2020 Q2,Matched controls,1308,0.015079434250764526,19.7239,2023 Q3,Pre implementation
Newcastle,2020 Q3,CAZ roads,440,0.031818181818181815,14,2023 Q3,Pre implementation
Newcastle,2020 Q3,Matched controls,1308,0.048477392966360854,63.40843,2023 Q3,Pre implementation
Newcastle,2020 Q4,CAZ roads,440,0.05227272727272727,23,2023 Q3,Pre implementation
Newcastle,2020 Q4,Matched controls,1308,0.045075833333333336,58.95919,2023 Q3,Pre implementation
Newcastle,2021 Q1,CAZ roads,440,0.013636363636363636,6,2023 Q3,Pre implementation
Newcastle,2021 Q1,Matched controls,1308,0.02712321865443425,35.47717,2023 Q3,Pre implementation
Newcastle,2021 Q2,CAZ roads,440,0.05,22,2023 Q3,Pre implementation
Newcastle,2021 Q2,Matched controls,1308,0.05023045871559633,65.70144,2023 Q3,Pre implementation
Newcastle,2021 Q3,CAZ roads,440,0.05454545454545454,24,2023 Q3,Pre implementation
Newcastle,2021 Q3,Matched controls,1308,0.06821549694189602,89.22587,2023 Q3,Pre implementation
Newcastle,2021 Q4,CAZ roads,440,0.07272727272727272,32,2023 Q3,Pre implementation
Newcastle,2021 Q4,Matched controls,1308,0.08184234709480122,107.04979,2023 Q3,Pre implementation
Newcastle,2022 Q1,CAZ roads,440,0.11818181818181818,52,2023 Q3,Pre implementation
Newcastle,2022 Q1,Matched controls,1308,0.048149105504587154,62.97903,2023 Q3,Pre implementation
Newcastle,2022 Q2,CAZ roads,440,0.020454545454545454,9,2023 Q3,Pre implementation
Newcastle,2022 Q2,Matched controls,1308,0.061100642201834865,79.91964,2023 Q3,Pre implementation
Newcastle,2022 Q3,CAZ roads,440,0.03636363636363636,16,2023 Q3,Pre implementation
Newcastle,2022 Q3,Matched controls,1308,0.06548478593272171,85.6541,2023 Q3,Pre implementation
Newcastle,2022 Q4,CAZ roads,440,0.04318181818181818,19,2023 Q3,Pre implementation
Newcastle,2022 Q4,Matched controls,1308,0.06481560397553517,84.778809999999993,2023 Q3,Pre implementation
Newcastle,2023 Q1,CAZ roads,440,0.056818181818181816,25,2023 Q3,Pre implementation
Newcastle,2023 Q1,Matched controls,1308,0.04781555810397554,62.54275,2023 Q3,Pre implementation
Newcastle,2023 Q2,CAZ roads,440,0.05227272727272727,23,2023 Q3,Pre implementation
Newcastle,2023 Q2,Matched controls,1308,0.061554266055045874,80.51298,2023 Q3,Pre implementation
Newcastle,2023 Q3,CAZ roads,440,0.045454545454545456,20,2023 Q3,Implementation quarter
Newcastle,2023 Q3,Matched controls,1308,0.05876969418960245,76.87076,2023 Q3,Implementation quarter
Newcastle,2023 Q4,CAZ roads,440,0.08181818181818182,36,2023 Q3,Post implementation
Newcastle,2023 Q4,Matched controls,1308,0.050245030581039754,65.7205,2023 Q3,Post implementation
Newcastle,2024 Q1,CAZ roads,440,0.04090909090909091,18,2023 Q3,Post implementation
Newcastle,2024 Q1,Matched controls,1308,0.0533992125382263,69.84617,2023 Q3,Post implementation
Newcastle,2024 Q2,CAZ roads,440,0.038636363636363635,17,2023 Q3,Post implementation
Newcastle,2024 Q2,Matched controls,1308,0.05284072629969419,69.11567,2023 Q3,Post implementation
Newcastle,2024 Q3,CAZ roads,440,0.05,22,2023 Q3,Post implementation
Newcastle,2024 Q3,Matched controls,1308,0.05858275993883792,76.62625,2023 Q3,Post implementation
Newcastle,2024 Q4,CAZ roads,440,0.06136363636363636,27,2023 Q3,Post implementation
Newcastle,2024 Q4,Matched controls,1308,0.039549831804281343,51.73118,2023 Q3,Post implementation
Portsmouth,2015 Q1,CAZ roads,374,0.06820893048128342,25.51014,2022 Q1,Pre implementation
Portsmouth,2015 Q1,Matched controls,362,0.0955907182320442,34.60384,2022 Q1,Pre implementation
Portsmouth,2015 Q2,CAZ roads,374,0.07271106951871657,27.19394,2022 Q1,Pre implementation
Portsmouth,2015 Q2,Matched controls,362,0.06326254143646409,22.90104,2022 Q1,Pre implementation
Portsmouth,2015 Q3,CAZ roads,374,0.06303414438502673,23.57477,2022 Q1,Pre implementation
Portsmouth,2015 Q3,Matched controls,362,0.03182878453038674,11.52202,2022 Q1,Pre implementation
Portsmouth,2015 Q4,CAZ roads,374,0.06113647058823529,22.86504,2022 Q1,Pre implementation
Portsmouth,2015 Q4,Matched controls,362,0.09522679558011049,34.4721,2022 Q1,Pre implementation
Portsmouth,2016 Q1,CAZ roads,374,0.06239088235294118,23.33419,2022 Q1,Pre implementation
Portsmouth,2016 Q1,Matched controls,362,0.06806809392265194,24.64065,2022 Q1,Pre implementation
Portsmouth,2016 Q2,CAZ roads,374,0.05610631016042781,20.98376,2022 Q1,Pre implementation
Portsmouth,2016 Q2,Matched controls,362,0.08668980662983425,31.381709999999998,2022 Q1,Pre implementation
Portsmouth,2016 Q3,CAZ roads,374,0.05180034759358289,19.37333,2022 Q1,Pre implementation
Portsmouth,2016 Q3,Matched controls,362,0.08336839779005525,30.17936,2022 Q1,Pre implementation
Portsmouth,2016 Q4,CAZ roads,374,0.05960377005347593,22.291809999999998,2022 Q1,Pre implementation
Portsmouth,2016 Q4,Matched controls,362,0.12608560773480662,45.64299,2022 Q1,Pre implementation
Portsmouth,2017 Q1,CAZ roads,374,0.07207644385026737,26.95659,2022 Q1,Pre implementation
Portsmouth,2017 Q1,Matched controls,362,0.05084817679558011,18.40704,2022 Q1,Pre implementation
Portsmouth,2017 Q2,CAZ roads,374,0.03296187165775401,12.32774,2022 Q1,Pre implementation
Portsmouth,2017 Q2,Matched controls,362,0.062357237569060774,22.57332,2022 Q1,Pre implementation
Portsmouth,2017 Q3,CAZ roads,374,0.06728574866310161,25.16487,2022 Q1,Pre implementation
Portsmouth,2017 Q3,Matched controls,362,0.06677914364640884,24.17405,2022 Q1,Pre implementation
Portsmouth,2017 Q4,CAZ roads,374,0.07598978609625669,28.420180000000002,2022 Q1,Pre implementation
Portsmouth,2017 Q4,Matched controls,362,0.05957693370165746,21.56685,2022 Q1,Pre implementation
Portsmouth,2018 Q1,CAZ roads,374,0.05681254010695187,21.247889999999998,2022 Q1,Pre implementation
Portsmouth,2018 Q1,Matched controls,362,0.09336701657458564,33.79886,2022 Q1,Pre implementation
Portsmouth,2018 Q2,CAZ roads,374,0.04699042780748663,17.57442,2022 Q1,Pre implementation
Portsmouth,2018 Q2,Matched controls,362,0.029100220994475137,10.53428,2022 Q1,Pre implementation
Portsmouth,2018 Q3,CAZ roads,374,0.05025168449197861,18.79413,2022 Q1,Pre implementation
Portsmouth,2018 Q3,Matched controls,362,0.055776104972375694,20.19095,2022 Q1,Pre implementation
Portsmouth,2018 Q4,CAZ roads,374,0.06762983957219251,25.29356,2022 Q1,Pre implementation
Portsmouth,2018 Q4,Matched controls,362,0.09285,33.6117,2022 Q1,Pre implementation
Portsmouth,2019 Q1,CAZ roads,374,0.03895580213903743,14.56947,2022 Q1,Pre implementation
Portsmouth,2019 Q1,Matched controls,362,0.0725188950276243,26.25184,2022 Q1,Pre implementation
Portsmouth,2019 Q2,CAZ roads,374,0.0601172192513369,22.48384,2022 Q1,Pre implementation
Portsmouth,2019 Q2,Matched controls,362,0.04046218232044199,14.64731,2022 Q1,Pre implementation
Portsmouth,2019 Q3,CAZ roads,374,0.04533818181818182,16.95648,2022 Q1,Pre implementation
Portsmouth,2019 Q3,Matched controls,362,0.051175193370165746,18.52542,2022 Q1,Pre implementation
Portsmouth,2019 Q4,CAZ roads,374,0.062374358288770054,23.32801,2022 Q1,Pre implementation
Portsmouth,2019 Q4,Matched controls,362,0.061747872928176795,22.35273,2022 Q1,Pre implementation
Portsmouth,2020 Q1,CAZ roads,374,0.05512764705882353,20.61774,2022 Q1,Pre implementation
Portsmouth,2020 Q1,Matched controls,362,0.04180511049723757,15.13345,2022 Q1,Pre implementation
Portsmouth,2020 Q2,CAZ roads,374,0.03323783422459893,12.43095,2022 Q1,Pre implementation
Portsmouth,2020 Q2,Matched controls,362,0.03423917127071823,12.39458,2022 Q1,Pre implementation
Portsmouth,2020 Q3,CAZ roads,374,0.04083991978609626,15.27413,2022 Q1,Pre implementation
Portsmouth,2020 Q3,Matched controls,362,0.0667471546961326,24.16247,2022 Q1,Pre implementation
Portsmouth,2020 Q4,CAZ roads,374,0.06574235294117647,24.58764,2022 Q1,Pre implementation
Portsmouth,2020 Q4,Matched controls,362,0.04878011049723757,17.6584,2022 Q1,Pre implementation
Portsmouth,2021 Q1,CAZ roads,374,0.02413874331550802,9.02789,2022 Q1,Pre implementation
Portsmouth,2021 Q1,Matched controls,362,0.02692099447513812,9.7454,2022 Q1,Pre implementation
Portsmouth,2021 Q2,CAZ roads,374,0.04659417112299465,17.42622,2022 Q1,Pre implementation
Portsmouth,2021 Q2,Matched controls,362,0.02716779005524862,9.83474,2022 Q1,Pre implementation
Portsmouth,2021 Q3,CAZ roads,374,0.049143770053475935,18.37977,2022 Q1,Pre implementation
Portsmouth,2021 Q3,Matched controls,362,0.05435582872928177,19.67681,2022 Q1,Pre implementation
Portsmouth,2021 Q4,CAZ roads,374,0.040610989304812835,15.18851,2022 Q1,Pre implementation
Portsmouth,2021 Q4,Matched controls,362,0.06540972375690608,23.67832,2022 Q1,Pre implementation
Portsmouth,2022 Q1,CAZ roads,374,0.0494731550802139,18.502959999999998,2022 Q1,Implementation quarter
Portsmouth,2022 Q1,Matched controls,362,0.03770983425414365,13.65096,2022 Q1,Implementation quarter
Portsmouth,2022 Q2,CAZ roads,374,0.025894786096256686,9.68465,2022 Q1,Post implementation
Portsmouth,2022 Q2,Matched controls,362,0.041204944751381214,14.91619,2022 Q1,Post implementation
Portsmouth,2022 Q3,CAZ roads,374,0.03966435828877005,14.83447,2022 Q1,Post implementation
Portsmouth,2022 Q3,Matched controls,362,0.027608425414364642,9.99425,2022 Q1,Post implementation
Portsmouth,2022 Q4,CAZ roads,374,0.055777860962566844,20.86092,2022 Q1,Post implementation
Portsmouth,2022 Q4,Matched controls,362,0.06262024861878453,22.66853,2022 Q1,Post implementation
Portsmouth,2023 Q1,CAZ roads,374,0.026825989304812833,10.03292,2022 Q1,Post implementation
Portsmouth,2023 Q1,Matched controls,362,0.07682861878453039,27.81196,2022 Q1,Post implementation
Portsmouth,2023 Q2,CAZ roads,374,0.05288387700534759,19.77857,2022 Q1,Post implementation
Portsmouth,2023 Q2,Matched controls,362,0.0736539226519337,26.66272,2022 Q1,Post implementation
Portsmouth,2023 Q3,CAZ roads,374,0.047006390374331554,17.58039,2022 Q1,Post implementation
Portsmouth,2023 Q3,Matched controls,362,0.08489444751381216,30.73179,2022 Q1,Post implementation
Portsmouth,2023 Q4,CAZ roads,374,0.06992649732620321,26.15251,2022 Q1,Post implementation
Portsmouth,2023 Q4,Matched controls,362,0.05439613259668508,19.6914,2022 Q1,Post implementation
Portsmouth,2024 Q1,CAZ roads,374,0.04002168449197861,14.96811,2022 Q1,Post implementation
Portsmouth,2024 Q1,Matched controls,362,0.040834917127071824,14.78224,2022 Q1,Post implementation
Portsmouth,2024 Q2,CAZ roads,374,0.05586593582887701,20.89386,2022 Q1,Post implementation
Portsmouth,2024 Q2,Matched controls,362,0.049723756906077346,18,2022 Q1,Post implementation
Portsmouth,2024 Q3,CAZ roads,374,0.06112548128342246,22.86093,2022 Q1,Post implementation
Portsmouth,2024 Q3,Matched controls,362,0.03038674033149171,11,2022 Q1,Post implementation
Portsmouth,2024 Q4,CAZ roads,374,0.054423155080213906,20.35426,2022 Q1,Post implementation
Portsmouth,2024 Q4,Matched controls,362,0.05229240331491713,18.92985,2022 Q1,Post implementation
Sheffield,2015 Q1,CAZ roads,454,0.07171942731277534,32.56062,2023 Q2,Pre implementation
Sheffield,2015 Q1,Matched controls,437,0.059424141876430206,25.96835,2023 Q2,Pre implementation
Sheffield,2015 Q2,CAZ roads,454,0.07796006607929515,35.39387,2023 Q2,Pre implementation
Sheffield,2015 Q2,Matched controls,437,0.05936922196796339,25.94435,2023 Q2,Pre implementation
Sheffield,2015 Q3,CAZ roads,454,0.05652433920704846,25.66205,2023 Q2,Pre implementation
Sheffield,2015 Q3,Matched controls,437,0.09633242562929062,42.09727,2023 Q2,Pre implementation
Sheffield,2015 Q4,CAZ roads,454,0.10196008810572688,46.289880000000004,2023 Q2,Pre implementation
Sheffield,2015 Q4,Matched controls,437,0.06544059496567506,28.59754,2023 Q2,Pre implementation
Sheffield,2016 Q1,CAZ roads,454,0.06607929515418502,30,2023 Q2,Pre implementation
Sheffield,2016 Q1,Matched controls,437,0.061763409610983984,26.99061,2023 Q2,Pre implementation
Sheffield,2016 Q2,CAZ roads,454,0.06828193832599119,31,2023 Q2,Pre implementation
Sheffield,2016 Q2,Matched controls,437,0.06090718535469108,26.61644,2023 Q2,Pre implementation
Sheffield,2016 Q3,CAZ roads,454,0.06828193832599119,31,2023 Q2,Pre implementation
Sheffield,2016 Q3,Matched controls,437,0.055637711670480546,24.313679999999998,2023 Q2,Pre implementation
Sheffield,2016 Q4,CAZ roads,454,0.07709251101321586,35,2023 Q2,Pre implementation
Sheffield,2016 Q4,Matched controls,437,0.06327897025171625,27.65291,2023 Q2,Pre implementation
Sheffield,2017 Q1,CAZ roads,454,0.06828193832599119,31,2023 Q2,Pre implementation
Sheffield,2017 Q1,Matched controls,437,0.03606800915331808,15.76172,2023 Q2,Pre implementation
Sheffield,2017 Q2,CAZ roads,454,0.039647577092511016,18,2023 Q2,Pre implementation
Sheffield,2017 Q2,Matched controls,437,0.0740653775743707,32.36657,2023 Q2,Pre implementation
Sheffield,2017 Q3,CAZ roads,454,0.06167400881057269,28,2023 Q2,Pre implementation
Sheffield,2017 Q3,Matched controls,437,0.09183892448512586,40.13361,2023 Q2,Pre implementation
Sheffield,2017 Q4,CAZ roads,454,0.05726872246696035,26,2023 Q2,Pre implementation
Sheffield,2017 Q4,Matched controls,437,0.07900997711670481,34.52736,2023 Q2,Pre implementation
Sheffield,2018 Q1,CAZ roads,454,0.05066079295154185,23,2023 Q2,Pre implementation
Sheffield,2018 Q1,Matched controls,437,0.05982386727688787,26.14303,2023 Q2,Pre implementation
Sheffield,2018 Q2,CAZ roads,454,0.05947136563876652,27,2023 Q2,Pre implementation
Sheffield,2018 Q2,Matched controls,437,0.06463173913043478,28.24407,2023 Q2,Pre implementation
Sheffield,2018 Q3,CAZ roads,454,0.08149779735682819,37,2023 Q2,Pre implementation
Sheffield,2018 Q3,Matched controls,437,0.07612194508009153,33.26529,2023 Q2,Pre implementation
Sheffield,2018 Q4,CAZ roads,454,0.05726872246696035,26,2023 Q2,Pre implementation
Sheffield,2018 Q4,Matched controls,437,0.07499455377574371,32.77262,2023 Q2,Pre implementation
Sheffield,2019 Q1,CAZ roads,454,0.039647577092511016,18,2023 Q2,Pre implementation
Sheffield,2019 Q1,Matched controls,437,0.02618924485125858,11.444700000000001,2023 Q2,Pre implementation
Sheffield,2019 Q2,CAZ roads,454,0.03303964757709251,15,2023 Q2,Pre implementation
Sheffield,2019 Q2,Matched controls,437,0.03995970251716247,17.46239,2023 Q2,Pre implementation
Sheffield,2019 Q3,CAZ roads,454,0.03524229074889868,16,2023 Q2,Pre implementation
Sheffield,2019 Q3,Matched controls,437,0.05079979405034325,22.19951,2023 Q2,Pre implementation
Sheffield,2019 Q4,CAZ roads,454,0.05947136563876652,27,2023 Q2,Pre implementation
Sheffield,2019 Q4,Matched controls,437,0.04217988558352403,18.43261,2023 Q2,Pre implementation
Sheffield,2020 Q1,CAZ roads,454,0.03524229074889868,16,2023 Q2,Pre implementation
Sheffield,2020 Q1,Matched controls,437,0.037204027459954235,16.25816,2023 Q2,Pre implementation
Sheffield,2020 Q2,CAZ roads,454,0.019823788546255508,9,2023 Q2,Pre implementation
Sheffield,2020 Q2,Matched controls,437,0.010886864988558353,4.75756,2023 Q2,Pre implementation
Sheffield,2020 Q3,CAZ roads,454,0.030837004405286344,14,2023 Q2,Pre implementation
Sheffield,2020 Q3,Matched controls,437,0.03185020594965675,13.91854,2023 Q2,Pre implementation
Sheffield,2020 Q4,CAZ roads,454,0.030837004405286344,14,2023 Q2,Pre implementation
Sheffield,2020 Q4,Matched controls,437,0.015632814645308923,6.83154,2023 Q2,Pre implementation
Sheffield,2021 Q1,CAZ roads,454,0.00881057268722467,4,2023 Q2,Pre implementation
Sheffield,2021 Q1,Matched controls,437,0.030361670480549198,13.26805,2023 Q2,Pre implementation
Sheffield,2021 Q2,CAZ roads,454,0.02643171806167401,12,2023 Q2,Pre implementation
Sheffield,2021 Q2,Matched controls,437,0.02929162471395881,12.80044,2023 Q2,Pre implementation
Sheffield,2021 Q3,CAZ roads,454,0.037444933920704845,17,2023 Q2,Pre implementation
Sheffield,2021 Q3,Matched controls,437,0.03062162471395881,13.38165,2023 Q2,Pre implementation
Sheffield,2021 Q4,CAZ roads,454,0.07268722466960352,33,2023 Q2,Pre implementation
Sheffield,2021 Q4,Matched controls,437,0.05578922196796339,24.37989,2023 Q2,Pre implementation
Sheffield,2022 Q1,CAZ roads,454,0.06167400881057269,28,2023 Q2,Pre implementation
Sheffield,2022 Q1,Matched controls,437,0.03071608695652174,13.42293,2023 Q2,Pre implementation
Sheffield,2022 Q2,CAZ roads,454,0.028634361233480177,13,2023 Q2,Pre implementation
Sheffield,2022 Q2,Matched controls,437,0.029317528604118993,12.81176,2023 Q2,Pre implementation
Sheffield,2022 Q3,CAZ roads,454,0.03303964757709251,15,2023 Q2,Pre implementation
Sheffield,2022 Q3,Matched controls,437,0.05359974828375286,23.42309,2023 Q2,Pre implementation
Sheffield,2022 Q4,CAZ roads,454,0.05286343612334802,24,2023 Q2,Pre implementation
Sheffield,2022 Q4,Matched controls,437,0.041927986270022886,18.32253,2023 Q2,Pre implementation
Sheffield,2023 Q1,CAZ roads,454,0.046255506607929514,21,2023 Q2,Pre implementation
Sheffield,2023 Q1,Matched controls,437,0.042137643020594966,18.41415,2023 Q2,Pre implementation
Sheffield,2023 Q2,CAZ roads,454,0.03303964757709251,15,2023 Q2,Implementation quarter
Sheffield,2023 Q2,Matched controls,437,0.021739199084668193,9.50003,2023 Q2,Implementation quarter
Sheffield,2023 Q3,CAZ roads,454,0.04405286343612335,20,2023 Q2,Post implementation
Sheffield,2023 Q3,Matched controls,437,0.04857329519450801,21.22653,2023 Q2,Post implementation
Sheffield,2023 Q4,CAZ roads,454,0.06167400881057269,28,2023 Q2,Post implementation
Sheffield,2023 Q4,Matched controls,437,0.031651464530892445,13.83169,2023 Q2,Post implementation
Sheffield,2024 Q1,CAZ roads,454,0.03303964757709251,15,2023 Q2,Post implementation
Sheffield,2024 Q1,Matched controls,437,0.03731947368421053,16.30861,2023 Q2,Post implementation
Sheffield,2024 Q2,CAZ roads,454,0.02643171806167401,12,2023 Q2,Post implementation
Sheffield,2024 Q2,Matched controls,437,0.06266743707093822,27.38567,2023 Q2,Post implementation
Sheffield,2024 Q3,CAZ roads,454,0.04405286343612335,20,2023 Q2,Post implementation
Sheffield,2024 Q3,Matched controls,437,0.01764645308924485,7.7115,2023 Q2,Post implementation
Sheffield,2024 Q4,CAZ roads,454,0.046255506607929514,21,2023 Q2,Post implementation
Sheffield,2024 Q4,Matched controls,437,0.041473821510297486,18.12406,2023 Q2,Post implementation
